job_id,job_title,company,location,work_mode,job_category,job_description,required_skills,soft_skills,tools_mentioned,internship_duration,date_posted,source_platform,clean_description,extracted_skills,extracted_technical_skills,extracted_tools,extracted_soft_skills,skill_flag_aws,skill_flag_adobe_illustrator,skill_flag_adobe_photoshop,skill_flag_adobe_premiere_pro,skill_flag_agile,skill_flag_azure,skill_flag_blender,skill_flag_c#,skill_flag_c++,skill_flag_crm,skill_flag_docker,skill_flag_erp,skill_flag_excel,skill_flag_expressjs,skill_flag_figma,skill_flag_firebase,skill_flag_flutter,skill_flag_git,skill_flag_github,skill_flag_google_cloud,skill_flag_google_data_studio,skill_flag_html_css,skill_flag_it_documentation,skill_flag_java,skill_flag_javascript,skill_flag_linux,skill_flag_looker,skill_flag_mongodb,skill_flag_mysql,skill_flag_nlp,skill_flag_nodejs,skill_flag_numpy,skill_flag_oop,skill_flag_php,skill_flag_postgresql,skill_flag_power_bi,skill_flag_pytorch,skill_flag_python,skill_flag_r,skill_flag_rest_api,skill_flag_react,skill_flag_react_native,skill_flag_sql,skill_flag_sqlite,skill_flag_tableau,skill_flag_tensorflow,skill_flag_typescript,skill_flag_uat,skill_flag_ui_ux_design,skill_flag_unity,skill_flag_analytical_thinking,skill_flag_business_process,skill_flag_communication,skill_flag_computer_vision,skill_flag_cybersecurity,skill_flag_dashboard,skill_flag_data_cleaning,skill_flag_data_visualization,skill_flag_deep_learning,skill_flag_documentation,skill_flag_firewall,skill_flag_game_development,skill_flag_incident_response,skill_flag_machine_learning,skill_flag_motion_graphics,skill_flag_networking,skill_flag_pandas,skill_flag_presentation,skill_flag_problem_solving,skill_flag_prototyping,skill_flag_reporting,skill_flag_requirements_analysis,skill_flag_scikit_learn,skill_flag_software_testing,skill_flag_stakeholder_management,skill_flag_statistics,skill_flag_system_analysis,skill_flag_teamwork,skill_flag_troubleshooting,skill_flag_video_editing,skill_flag_vulnerability_assessment,skill_flag_wireframing
J001,Data Analyst Intern,Astra Analytics,Kuala Lumpur,Hybrid,Data Analyst Intern,"Support the analytics team by cleaning sales data, writing SQL queries, building Excel reports, and creating Tableau dashboards for weekly business reviews.",Python; SQL; Excel; Tableau; data cleaning; dashboard,communication; analytical thinking; documentation,Excel; Tableau,3 months,2026-05-02,LinkedIn,support the analytics team by cleaning sales data writing sql queries building excel reports and creating tableau dashboards for weekly business reviews,Excel; Python; SQL; Tableau; analytical thinking; communication; dashboard; data cleaning; documentation; reporting,Excel; Python; SQL; Tableau; dashboard; data cleaning; reporting,Excel; Tableau,analytical thinking; communication; documentation,0,0,0,0,0,0,0,0,0,0,0,0,1,0,0,0,0,0,0,0,0,0,0,0,0,0,0,0,0,0,0,0,0,0,0,0,0,1,0,0,0,0,1,0,1,0,0,0,0,0,1,0,1,0,0,1,1,0,0,1,0,0,0,0,0,0,0,0,0,0,1,0,0,0,0,0,0,0,0,0,0,0
J002,AI Research Intern,NeuraWorks Lab,Remote Malaysia,Remote,AI / Machine Learning Intern,"Assist with machine learning experiments, NLP text classification, model evaluation, and Python notebooks using scikit-learn and pandas.",Python; machine learning; NLP; scikit-learn; pandas,problem solving; documentation; teamwork,scikit-learn; pandas,6 months,2026-04-28,Company Careers,assist with machine learning experiments nlp text classification model evaluation and python notebooks using scikit learn and pandas,NLP; Python; documentation; machine learning; pandas; problem solving; scikit-learn; teamwork,NLP; Python; machine learning; pandas; scikit-learn,pandas; scikit-learn,documentation; problem solving; teamwork,0,0,0,0,0,0,0,0,0,0,0,0,0,0,0,0,0,0,0,0,0,0,0,0,0,0,0,0,0,1,0,0,0,0,0,0,0,1,0,0,0,0,0,0,0,0,0,0,0,0,0,0,0,0,0,0,0,0,0,1,0,0,0,1,0,0,1,0,1,0,0,0,1,0,0,0,0,1,0,0,0,0
J003,Business Analyst Intern,Meridian Retail Group,Petaling Jaya,On-site,Business Analyst Intern,"Gather business requirements, document stakeholder needs, analyze Excel sales reports, and support Power BI dashboard updates for store performance.",Excel; SQL; Power BI; reporting; dashboard,stakeholder management; communication; presentation,Excel; Power BI,4 months,2026-05-05,Indeed,gather business requirements document stakeholder needs analyze excel sales reports and support power bi dashboard updates for store performance,Excel; Power BI; SQL; communication; dashboard; presentation; reporting; requirements analysis; stakeholder management,Excel; Power BI; SQL; dashboard; reporting; requirements analysis,Excel; Power BI,communication; presentation; stakeholder management,0,0,0,0,0,0,0,0,0,0,0,0,1,0,0,0,0,0,0,0,0,0,0,0,0,0,0,0,0,0,0,0,0,0,0,1,0,0,0,0,0,0,1,0,0,0,0,0,0,0,0,0,1,0,0,1,0,0,0,0,0,0,0,0,0,0,0,1,0,0,1,1,0,0,1,0,0,0,0,0,0,0
J004,Product Analyst Intern,PulsePay,Kuala Lumpur,Hybrid,Product Analyst Intern,"Analyze user behavior, product metrics, funnel performance, and A B test results using SQL, Python, and dashboard reporting.",SQL; Python; data visualization; reporting; dashboard,analytical thinking; presentation; communication,Tableau; Excel,6 months,2026-05-06,LinkedIn,analyze user behavior product metrics funnel performance and a b test results using sql python and dashboard reporting,Excel; Python; SQL; Tableau; analytical thinking; communication; dashboard; data visualization; presentation; reporting,Excel; Python; SQL; Tableau; dashboard; data visualization; reporting,Excel; Tableau,analytical thinking; communication; presentation,0,0,0,0,0,0,0,0,0,0,0,0,1,0,0,0,0,0,0,0,0,0,0,0,0,0,0,0,0,0,0,0,0,0,0,0,0,1,0,0,0,0,1,0,1,0,0,0,0,0,1,0,1,0,0,1,0,1,0,0,0,0,0,0,0,0,0,1,0,0,1,0,0,0,0,0,0,0,0,0,0,0
J005,Data Science Intern,FinSight AI,Cyberjaya,Hybrid,Data Science Intern,"Work on predictive modeling, feature preparation, machine learning evaluation, and visualization of model insights with Python and pandas.",Python; pandas; machine learning; scikit-learn; data visualization,problem solving; analytical thinking; documentation,pandas; scikit-learn,6 months,2026-04-22,Glassdoor,work on predictive modeling feature preparation machine learning evaluation and visualization of model insights with python and pandas,Python; analytical thinking; data visualization; documentation; machine learning; pandas; problem solving; scikit-learn,Python; data visualization; machine learning; pandas; scikit-learn,pandas; scikit-learn,analytical thinking; documentation; problem solving,0,0,0,0,0,0,0,0,0,0,0,0,0,0,0,0,0,0,0,0,0,0,0,0,0,0,0,0,0,0,0,0,0,0,0,0,0,1,0,0,0,0,0,0,0,0,0,0,0,0,1,0,0,0,0,0,0,1,0,1,0,0,0,1,0,0,1,0,1,0,0,0,1,0,0,0,0,0,0,0,0,0
J006,Analytics Intern,BrightCart,Singapore,Hybrid,Data Analyst Intern,"Prepare customer analytics reports, clean transaction data, maintain Tableau dashboards, and summarize weekly insights for marketing teams.",SQL; Excel; Tableau; data cleaning; reporting,communication; teamwork; presentation,Excel; Tableau,3 months,2026-05-01,LinkedIn,prepare customer analytics reports clean transaction data maintain tableau dashboards and summarize weekly insights for marketing teams,Excel; SQL; Tableau; communication; dashboard; data cleaning; presentation; reporting; teamwork,Excel; SQL; Tableau; dashboard; data cleaning; reporting,Excel; Tableau,communication; presentation; teamwork,0,0,0,0,0,0,0,0,0,0,0,0,1,0,0,0,0,0,0,0,0,0,0,0,0,0,0,0,0,0,0,0,0,0,0,0,0,0,0,0,0,0,1,0,1,0,0,0,0,0,0,0,1,0,0,1,1,0,0,0,0,0,0,0,0,0,0,1,0,0,1,0,0,0,0,0,0,1,0,0,0,0
J007,Software Data Intern,CloudNest Solutions,Penang,On-site,Software Engineering Intern,"Build internal data utilities, connect APIs, write Python scripts, store structured data in SQLite, and document database workflows.",Python; SQL; SQLite; API; data cleaning,documentation; problem solving; teamwork,SQLite; Firebase,4 months,2026-04-26,Company Careers,build internal data utilities connect apis write python scripts store structured data in sqlite and document database workflows,Firebase; Python; SQL; SQLite; data cleaning; documentation; problem solving; teamwork,Firebase; Python; SQL; SQLite; data cleaning,Firebase; SQLite,documentation; problem solving; teamwork,0,0,0,0,0,0,0,0,0,0,0,0,0,0,0,1,0,0,0,0,0,0,0,0,0,0,0,0,0,0,0,0,0,0,0,0,0,1,0,0,0,0,1,1,0,0,0,0,0,0,0,0,0,0,0,0,1,0,0,1,0,0,0,0,0,0,0,0,1,0,0,0,0,0,0,0,0,1,0,0,0,0
J008,Business Intelligence Intern,HarborFoods,Johor Bahru,On-site,Business Analyst Intern,"Support BI reporting by preparing SQL extracts, updating Power BI dashboards, validating Excel files, and presenting operational insights.",SQL; Excel; Power BI; reporting; data visualization,presentation; communication; stakeholder management,Excel; Power BI,3 months,2026-05-09,Indeed,support bi reporting by preparing sql extracts updating power bi dashboards validating excel files and presenting operational insights,Excel; Power BI; SQL; communication; dashboard; data visualization; presentation; reporting; stakeholder management,Excel; Power BI; SQL; dashboard; data visualization; reporting,Excel; Power BI,communication; presentation; stakeholder management,0,0,0,0,0,0,0,0,0,0,0,0,1,0,0,0,0,0,0,0,0,0,0,0,0,0,0,0,0,0,0,0,0,0,0,1,0,0,0,0,0,0,1,0,0,0,0,0,0,0,0,0,1,0,0,1,0,1,0,0,0,0,0,0,0,0,0,1,0,0,1,0,0,0,1,0,0,0,0,0,0,0
J009,Machine Learning Intern,VisionByte,Kuala Lumpur,Hybrid,AI / Machine Learning Intern,"Develop computer vision prototypes, prepare image datasets, train deep learning models, and track experiments with Python and PyTorch.",Python; deep learning; computer vision; PyTorch; machine learning,problem solving; teamwork; documentation,PyTorch,6 months,2026-04-30,Wellfound,develop computer vision prototypes prepare image datasets train deep learning models and track experiments with python and pytorch,PyTorch; Python; computer vision; deep learning; documentation; machine learning; problem solving; teamwork,PyTorch; Python; computer vision; deep learning; machine learning,PyTorch,documentation; problem solving; teamwork,0,0,0,0,0,0,0,0,0,0,0,0,0,0,0,0,0,0,0,0,0,0,0,0,0,0,0,0,0,0,0,0,0,0,0,0,1,1,0,0,0,0,0,0,0,0,0,0,0,0,0,0,0,1,0,0,0,0,1,1,0,0,0,1,0,0,0,0,1,0,0,0,0,0,0,0,0,1,0,0,0,0
J010,Data Analyst Intern,EcoGrid Energy,Remote Malaysia,Remote,Data Analyst Intern,"Analyze energy usage data, write SQL queries, create Python charts, automate reporting, and build simple Streamlit dashboard views.",SQL; Python; data visualization; reporting; dashboard,analytical thinking; communication; documentation,Excel; Streamlit,5 months,2026-05-04,Handshake,analyze energy usage data write sql queries create python charts automate reporting and build simple streamlit dashboard views,Excel; Python; SQL; analytical thinking; communication; dashboard; data visualization; documentation; reporting,Excel; Python; SQL; dashboard; data visualization; reporting,Excel,analytical thinking; communication; documentation,0,0,0,0,0,0,0,0,0,0,0,0,1,0,0,0,0,0,0,0,0,0,0,0,0,0,0,0,0,0,0,0,0,0,0,0,0,1,0,0,0,0,1,0,0,0,0,0,0,0,1,0,1,0,0,1,0,1,0,1,0,0,0,0,0,0,0,0,0,0,1,0,0,0,0,0,0,0,0,0,0,0
J011,Product Data Intern,ShopLynk,Kuala Lumpur,Hybrid,Product Analyst Intern,"Monitor product KPIs, analyze customer journey data, prepare Looker dashboards, and explain findings to product managers.",SQL; Looker; dashboard; reporting; data visualization,stakeholder management; presentation; communication,Looker,6 months,2026-05-10,LinkedIn,monitor product kpis analyze customer journey data prepare looker dashboards and explain findings to product managers,Looker; SQL; communication; dashboard; data visualization; presentation; reporting; stakeholder management,Looker; SQL; dashboard; data visualization; reporting,Looker,communication; presentation; stakeholder management,0,0,0,0,0,0,0,0,0,0,0,0,0,0,0,0,0,0,0,0,0,0,0,0,0,0,1,0,0,0,0,0,0,0,0,0,0,0,0,0,0,0,1,0,0,0,0,0,0,0,0,0,1,0,0,1,0,1,0,0,0,0,0,0,0,0,0,1,0,0,1,0,0,0,1,0,0,0,0,0,0,0
J012,AI Intern,MedNexa Analytics,Selangor,Hybrid,AI / Machine Learning Intern,"Help build NLP pipelines for healthcare notes, clean text data, evaluate machine learning models, and document experiment results.",Python; NLP; machine learning; scikit-learn; data cleaning,documentation; analytical thinking; problem solving,scikit-learn,6 months,2026-04-25,Company Careers,help build nlp pipelines for healthcare notes clean text data evaluate machine learning models and document experiment results,NLP; Python; analytical thinking; data cleaning; documentation; machine learning; problem solving; scikit-learn,NLP; Python; data cleaning; machine learning; scikit-learn,scikit-learn,analytical thinking; documentation; problem solving,0,0,0,0,0,0,0,0,0,0,0,0,0,0,0,0,0,0,0,0,0,0,0,0,0,0,0,0,0,1,0,0,0,0,0,0,0,1,0,0,0,0,0,0,0,0,0,0,0,0,1,0,0,0,0,0,1,0,0,1,0,0,0,1,0,0,0,0,1,0,0,0,1,0,0,0,0,0,0,0,0,0
J013,Data Reporting Intern,MetroFinance,Kuala Lumpur,On-site,Data Analyst Intern,"Maintain Excel trackers, prepare monthly reporting packs, validate SQL data extracts, and support Tableau dashboard refreshes.",Excel; SQL; reporting; Tableau; data cleaning,communication; documentation; teamwork,Excel; Tableau,3 months,2026-05-11,Indeed,maintain excel trackers prepare monthly reporting packs validate sql data extracts and support tableau dashboard refreshes,Excel; SQL; Tableau; communication; dashboard; data cleaning; documentation; reporting; teamwork,Excel; SQL; Tableau; dashboard; data cleaning; reporting,Excel; Tableau,communication; documentation; teamwork,0,0,0,0,0,0,0,0,0,0,0,0,1,0,0,0,0,0,0,0,0,0,0,0,0,0,0,0,0,0,0,0,0,0,0,0,0,0,0,0,0,0,1,0,1,0,0,0,0,0,0,0,1,0,0,1,1,0,0,1,0,0,0,0,0,0,0,0,0,0,1,0,0,0,0,0,0,1,0,0,0,0
J014,Business Analyst Intern,NovaTel Digital,Cyberjaya,Hybrid,Business Analyst Intern,"Translate stakeholder questions into metrics, analyze service data, prepare requirement documentation, and create Power BI visuals.",SQL; Excel; Power BI; dashboard; reporting,stakeholder management; communication; documentation,Excel; Power BI,6 months,2026-05-03,LinkedIn,translate stakeholder questions into metrics analyze service data prepare requirement documentation and create power bi visuals,Excel; Power BI; SQL; communication; dashboard; documentation; reporting; stakeholder management,Excel; Power BI; SQL; dashboard; reporting,Excel; Power BI,communication; documentation; stakeholder management,0,0,0,0,0,0,0,0,0,0,0,0,1,0,0,0,0,0,0,0,0,0,0,0,0,0,0,0,0,0,0,0,0,0,0,1,0,0,0,0,0,0,1,0,0,0,0,0,0,0,0,0,1,0,0,1,0,0,0,1,0,0,0,0,0,0,0,0,0,0,1,0,0,0,1,0,0,0,0,0,0,0
J015,Data Engineering Intern,RiverByte Tech,Remote Malaysia,Remote,Software Engineering Intern,"Assist with data pipelines, PostgreSQL tables, Python validation scripts, and cloud storage experiments on AWS.",Python; SQL; PostgreSQL; AWS; data cleaning,problem solving; documentation; teamwork,PostgreSQL; AWS,6 months,2026-04-20,Company Careers,assist with data pipelines postgresql tables python validation scripts and cloud storage experiments on aws,AWS; PostgreSQL; Python; SQL; data cleaning; documentation; problem solving; teamwork,AWS; PostgreSQL; Python; SQL; data cleaning,AWS; PostgreSQL,documentation; problem solving; teamwork,1,0,0,0,0,0,0,0,0,0,0,0,0,0,0,0,0,0,0,0,0,0,0,0,0,0,0,0,0,0,0,0,0,0,1,0,0,1,0,0,0,0,1,0,0,0,0,0,0,0,0,0,0,0,0,0,1,0,0,1,0,0,0,0,0,0,0,0,1,0,0,0,0,0,0,0,0,1,0,0,0,0
J016,Growth Analyst Intern,LoopMarket,Singapore,Hybrid,Product Analyst Intern,"Study acquisition funnels, run cohort analysis, create Google Data Studio dashboards, and communicate product growth insights.",SQL; Google Data Studio; reporting; dashboard; data visualization,presentation; analytical thinking; communication,Google Data Studio; Excel,4 months,2026-05-08,Wellfound,study acquisition funnels run cohort analysis create google data studio dashboards and communicate product growth insights,Excel; Google Data Studio; SQL; analytical thinking; communication; dashboard; data visualization; presentation; reporting,Excel; Google Data Studio; SQL; dashboard; data visualization; reporting,Excel; Google Data Studio,analytical thinking; communication; presentation,0,0,0,0,0,0,0,0,0,0,0,0,1,0,0,0,0,0,0,0,1,0,0,0,0,0,0,0,0,0,0,0,0,0,0,0,0,0,0,0,0,0,1,0,0,0,0,0,0,0,1,0,1,0,0,1,0,1,0,0,0,0,0,0,0,0,0,1,0,0,1,0,0,0,0,0,0,0,0,0,0,0
J017,Junior AI Intern,EduMind Labs,Kuala Lumpur,On-site,AI / Machine Learning Intern,"Prepare learning datasets, test TensorFlow models, evaluate classification accuracy, and summarize machine learning experiment findings.",Python; TensorFlow; machine learning; deep learning; data visualization,documentation; presentation; problem solving,TensorFlow,5 months,2026-04-18,LinkedIn,prepare learning datasets test tensorflow models evaluate classification accuracy and summarize machine learning experiment findings,Python; TensorFlow; data visualization; deep learning; documentation; machine learning; presentation; problem solving,Python; TensorFlow; data visualization; deep learning; machine learning,TensorFlow,documentation; presentation; problem solving,0,0,0,0,0,0,0,0,0,0,0,0,0,0,0,0,0,0,0,0,0,0,0,0,0,0,0,0,0,0,0,0,0,0,0,0,0,1,0,0,0,0,0,0,0,1,0,0,0,0,0,0,0,0,0,0,0,1,1,1,0,0,0,1,0,0,0,1,1,0,0,0,0,0,0,0,0,0,0,0,0,0
J018,Data Analyst Intern,HealthBridge,Penang,Hybrid,Data Analyst Intern,"Clean clinic operations data, use pandas for analysis, write SQL queries, and build dashboard visuals for management reporting.",Python; pandas; SQL; data cleaning; dashboard,communication; analytical thinking; teamwork,pandas; Excel,6 months,2026-05-12,Glassdoor,clean clinic operations data use pandas for analysis write sql queries and build dashboard visuals for management reporting,Excel; Python; SQL; analytical thinking; communication; dashboard; data cleaning; pandas; reporting; teamwork,Excel; Python; SQL; dashboard; data cleaning; pandas; reporting,Excel; pandas,analytical thinking; communication; teamwork,0,0,0,0,0,0,0,0,0,0,0,0,1,0,0,0,0,0,0,0,0,0,0,0,0,0,0,0,0,0,0,0,0,0,0,0,0,1,0,0,0,0,1,0,0,0,0,0,0,0,1,0,1,0,0,1,1,0,0,0,0,0,0,0,0,0,1,0,0,0,1,0,0,0,0,0,0,1,0,0,0,0
J019,Operations Business Analyst Intern,SwiftMove Logistics,Shah Alam,On-site,Business Analyst Intern,"Analyze delivery operations, build Excel and Power BI reports, document process improvements, and present insights to stakeholders.",Excel; Power BI; reporting; data visualization,stakeholder management; presentation; problem solving,Excel; Power BI,3 months,2026-05-07,Indeed,analyze delivery operations build excel and power bi reports document process improvements and present insights to stakeholders,Excel; Power BI; data visualization; presentation; problem solving; reporting; stakeholder management,Excel; Power BI; data visualization; reporting,Excel; Power BI,presentation; problem solving; stakeholder management,0,0,0,0,0,0,0,0,0,0,0,0,1,0,0,0,0,0,0,0,0,0,0,0,0,0,0,0,0,0,0,0,0,0,0,1,0,0,0,0,0,0,0,0,0,0,0,0,0,0,0,0,0,0,0,0,0,1,0,0,0,0,0,0,0,0,0,1,1,0,1,0,0,0,1,0,0,0,0,0,0,0
J020,Product Analyst Intern,GameSpark Studio,Remote Malaysia,Remote,Product Analyst Intern,"Analyze gameplay metrics, segment users with SQL, visualize retention trends, and prepare dashboard recommendations for product teams.",SQL; Python; dashboard; data visualization; reporting,communication; analytical thinking; presentation,Tableau; Excel,6 months,2026-04-29,Wellfound,analyze gameplay metrics segment users with sql visualize retention trends and prepare dashboard recommendations for product teams,Excel; Python; SQL; Tableau; analytical thinking; communication; dashboard; data visualization; game development; presentation; reporting,Excel; Python; SQL; Tableau; dashboard; data visualization; game development; reporting,Excel; Tableau,analytical thinking; communication; presentation,0,0,0,0,0,0,0,0,0,0,0,0,1,0,0,0,0,0,0,0,0,0,0,0,0,0,0,0,0,0,0,0,0,0,0,0,0,1,0,0,0,0,1,0,1,0,0,0,0,0,1,0,1,0,0,1,0,1,0,0,0,1,0,0,0,0,0,1,0,0,1,0,0,0,0,0,0,0,0,0,0,0
J021,Computer Vision Intern,AgriSense AI,Selangor,Hybrid,AI / Machine Learning Intern,"Label image datasets, train object detection models, evaluate computer vision outputs, and use Python with PyTorch for experiments.",Python; computer vision; PyTorch; deep learning; machine learning,teamwork; problem solving; documentation,PyTorch,6 months,2026-05-13,Company Careers,label image datasets train object detection models evaluate computer vision outputs and use python with pytorch for experiments,PyTorch; Python; computer vision; deep learning; documentation; machine learning; problem solving; teamwork,PyTorch; Python; computer vision; deep learning; machine learning,PyTorch,documentation; problem solving; teamwork,0,0,0,0,0,0,0,0,0,0,0,0,0,0,0,0,0,0,0,0,0,0,0,0,0,0,0,0,0,0,0,0,0,0,0,0,1,1,0,0,0,0,0,0,0,0,0,0,0,0,0,0,0,1,0,0,0,0,1,1,0,0,0,1,0,0,0,0,1,0,0,0,0,0,0,0,0,1,0,0,0,0
J022,Data Analytics Intern,BluePeak Consulting,Kuala Lumpur,Hybrid,Data Analyst Intern,"Support client analytics projects by cleaning CSV files, building pandas transformations, creating Tableau charts, and writing insight summaries.",Python; pandas; Tableau; data cleaning; reporting,communication; presentation; documentation,pandas; Tableau,4 months,2026-05-14,LinkedIn,support client analytics projects by cleaning csv files building pandas transformations creating tableau charts and writing insight summaries,Python; Tableau; communication; data cleaning; documentation; pandas; presentation; reporting,Python; Tableau; data cleaning; pandas; reporting,Tableau; pandas,communication; documentation; presentation,0,0,0,0,0,0,0,0,0,0,0,0,0,0,0,0,0,0,0,0,0,0,0,0,0,0,0,0,0,0,0,0,0,0,0,0,0,1,0,0,0,0,0,0,1,0,0,0,0,0,0,0,1,0,0,0,1,0,0,1,0,0,0,0,0,0,1,1,0,0,1,0,0,0,0,0,0,0,0,0,0,0
J023,BI Analyst Intern,Parklane Hotels,Kuala Lumpur,On-site,Business Analyst Intern,"Create dashboard reports for hotel occupancy, analyze Excel data, write SQL queries, and update Looker Studio views.",SQL; Excel; Looker; Google Data Studio; dashboard,stakeholder management; communication; teamwork,Excel; Looker; Google Data Studio,3 months,2026-04-24,Indeed,create dashboard reports for hotel occupancy analyze excel data write sql queries and update looker studio views,Excel; Google Data Studio; Looker; SQL; communication; dashboard; reporting; stakeholder management; teamwork,Excel; Google Data Studio; Looker; SQL; dashboard; reporting,Excel; Google Data Studio; Looker,communication; stakeholder management; teamwork,0,0,0,0,0,0,0,0,0,0,0,0,1,0,0,0,0,0,0,0,1,0,0,0,0,0,1,0,0,0,0,0,0,0,0,0,0,0,0,0,0,0,1,0,0,0,0,0,0,0,0,0,1,0,0,1,0,0,0,0,0,0,0,0,0,0,0,0,0,0,1,0,0,0,1,0,0,1,0,0,0,0
J024,Data Quality Intern,CrediCore,Cyberjaya,Hybrid,Software Engineering Intern,"Check data quality rules, clean database records, use SQL and Python scripts, and document issues for engineering teams.",SQL; Python; data cleaning; MySQL; reporting,documentation; problem solving; teamwork,MySQL; Excel,6 months,2026-05-15,Company Careers,check data quality rules clean database records use sql and python scripts and document issues for engineering teams,Excel; MySQL; Python; SQL; data cleaning; documentation; problem solving; reporting; teamwork,Excel; MySQL; Python; SQL; data cleaning; reporting,Excel; MySQL,documentation; problem solving; teamwork,0,0,0,0,0,0,0,0,0,0,0,0,1,0,0,0,0,0,0,0,0,0,0,0,0,0,0,0,1,0,0,0,0,0,0,0,0,1,0,0,0,0,1,0,0,0,0,0,0,0,0,0,0,0,0,0,1,0,0,1,0,0,0,0,0,0,0,0,1,0,1,0,0,0,0,0,0,1,0,0,0,0
J025,NLP Intern,LinguaTech AI,Remote Malaysia,Remote,AI / Machine Learning Intern,"Build text preprocessing scripts, evaluate NLP keyword extraction, use scikit-learn classifiers, and document model performance.",Python; NLP; scikit-learn; machine learning; data cleaning,documentation; analytical thinking; problem solving,scikit-learn; pandas,6 months,2026-05-16,Wellfound,build text preprocessing scripts evaluate nlp keyword extraction use scikit learn classifiers and document model performance,NLP; Python; analytical thinking; data cleaning; documentation; machine learning; pandas; problem solving; scikit-learn,NLP; Python; data cleaning; machine learning; pandas; scikit-learn,pandas; scikit-learn,analytical thinking; documentation; problem solving,0,0,0,0,0,0,0,0,0,0,0,0,0,0,0,0,0,0,0,0,0,0,0,0,0,0,0,0,0,1,0,0,0,0,0,0,0,1,0,0,0,0,0,0,0,0,0,0,0,0,1,0,0,0,0,0,1,0,0,1,0,0,0,1,0,0,1,0,1,0,0,0,1,0,0,0,0,0,0,0,0,0
J026,Product Analytics Intern,PayBridge,Kuala Lumpur,Hybrid,Data Analyst Intern,"Use SQL to analyze payment funnels, prepare Tableau product dashboards, and present recommendations for improving conversion.",SQL; Tableau; dashboard; reporting; data visualization,presentation; stakeholder management; communication,Tableau,6 months,2026-04-23,LinkedIn,use sql to analyze payment funnels prepare tableau product dashboards and present recommendations for improving conversion,SQL; Tableau; communication; dashboard; data visualization; presentation; reporting; stakeholder management,SQL; Tableau; dashboard; data visualization; reporting,Tableau,communication; presentation; stakeholder management,0,0,0,0,0,0,0,0,0,0,0,0,0,0,0,0,0,0,0,0,0,0,0,0,0,0,0,0,0,0,0,0,0,0,0,0,0,0,0,0,0,0,1,0,1,0,0,0,0,0,0,0,1,0,0,1,0,1,0,0,0,0,0,0,0,0,0,1,0,0,1,0,0,0,1,0,0,0,0,0,0,0
J027,Data Analyst Intern,GreenLeaf Commerce,Selangor,Hybrid,Data Analyst Intern,"Analyze ecommerce orders, clean Excel exports, write SQL queries, and build weekly dashboards for commercial planning.",SQL; Excel; data cleaning; dashboard; reporting,communication; analytical thinking; teamwork,Excel; Power BI,3 months,2026-05-17,Indeed,analyze ecommerce orders clean excel exports write sql queries and build weekly dashboards for commercial planning,Excel; Power BI; SQL; analytical thinking; communication; dashboard; data cleaning; reporting; teamwork,Excel; Power BI; SQL; dashboard; data cleaning; reporting,Excel; Power BI,analytical thinking; communication; teamwork,0,0,0,0,0,0,0,0,0,0,0,0,1,0,0,0,0,0,0,0,0,0,0,0,0,0,0,0,0,0,0,0,0,0,0,1,0,0,0,0,0,0,1,0,0,0,0,0,0,0,1,0,1,0,0,1,1,0,0,0,0,0,0,0,0,0,0,0,0,0,1,0,0,0,0,0,0,1,0,0,0,0
J028,AI Product Intern,VoiceFlow Systems,Singapore,Hybrid,Product Analyst Intern,"Support AI product analytics, review NLP model outputs, track product metrics, and prepare stakeholder presentation materials.",NLP; machine learning; SQL; dashboard; reporting,presentation; stakeholder management; communication,Looker; Excel,5 months,2026-05-18,Company Careers,support ai product analytics review nlp model outputs track product metrics and prepare stakeholder presentation materials,Excel; Looker; NLP; SQL; communication; dashboard; machine learning; presentation; reporting; stakeholder management,Excel; Looker; NLP; SQL; dashboard; machine learning; reporting,Excel; Looker,communication; presentation; stakeholder management,0,0,0,0,0,0,0,0,0,0,0,0,1,0,0,0,0,0,0,0,0,0,0,0,0,0,1,0,0,1,0,0,0,0,0,0,0,0,0,0,0,0,1,0,0,0,0,0,0,0,0,0,1,0,0,1,0,0,0,0,0,0,0,1,0,0,0,1,0,0,1,0,0,0,1,0,0,0,0,0,0,0
J029,Analytics Engineering Intern,NorthStar Data,Remote Malaysia,Remote,Data Analyst Intern,"Model analytics tables, maintain PostgreSQL queries, build data documentation, and support dashboard-ready datasets.",SQL; PostgreSQL; data cleaning; reporting; dashboard,documentation; problem solving; teamwork,PostgreSQL; Tableau,6 months,2026-04-21,LinkedIn,model analytics tables maintain postgresql queries build data documentation and support dashboard ready datasets,PostgreSQL; SQL; Tableau; dashboard; data cleaning; documentation; problem solving; reporting; teamwork,PostgreSQL; SQL; Tableau; dashboard; data cleaning; reporting,PostgreSQL; Tableau,documentation; problem solving; teamwork,0,0,0,0,0,0,0,0,0,0,0,0,0,0,0,0,0,0,0,0,0,0,0,0,0,0,0,0,0,0,0,0,0,0,1,0,0,0,0,0,0,0,1,0,1,0,0,0,0,0,0,0,0,0,0,1,1,0,0,1,0,0,0,0,0,0,0,0,1,0,1,0,0,0,0,0,0,1,0,0,0,0
J030,Business Analyst Intern,Silverline Insurance,Kuala Lumpur,On-site,Business Analyst Intern,"Prepare requirement notes, analyze claims data in Excel, validate SQL reports, and present dashboard insights to business stakeholders.",Excel; SQL; reporting; dashboard; data visualization,stakeholder management; presentation; communication,Excel; Power BI,4 months,2026-05-19,Glassdoor,prepare requirement notes analyze claims data in excel validate sql reports and present dashboard insights to business stakeholders,Excel; Power BI; SQL; communication; dashboard; data visualization; presentation; reporting; stakeholder management,Excel; Power BI; SQL; dashboard; data visualization; reporting,Excel; Power BI,communication; presentation; stakeholder management,0,0,0,0,0,0,0,0,0,0,0,0,1,0,0,0,0,0,0,0,0,0,0,0,0,0,0,0,0,0,0,0,0,0,0,1,0,0,0,0,0,0,1,0,0,0,0,0,0,0,0,0,1,0,0,1,0,1,0,0,0,0,0,0,0,0,0,1,0,0,1,0,0,0,1,0,0,0,0,0,0,0
J031,Data Visualization Intern,CityPulse Media,Petaling Jaya,Hybrid,Data Analyst Intern,"Create visual reports, design Tableau dashboard pages, clean campaign data, and communicate trends to marketing managers.",Tableau; data visualization; data cleaning; reporting; Excel,communication; presentation; analytical thinking,Tableau; Excel,3 months,2026-05-20,LinkedIn,create visual reports design tableau dashboard pages clean campaign data and communicate trends to marketing managers,Excel; Tableau; analytical thinking; communication; dashboard; data cleaning; data visualization; presentation; reporting,Excel; Tableau; dashboard; data cleaning; data visualization; reporting,Excel; Tableau,analytical thinking; communication; presentation,0,0,0,0,0,0,0,0,0,0,0,0,1,0,0,0,0,0,0,0,0,0,0,0,0,0,0,0,0,0,0,0,0,0,0,0,0,0,0,0,0,0,0,0,1,0,0,0,0,0,1,0,1,0,0,1,1,1,0,0,0,0,0,0,0,0,0,1,0,0,1,0,0,0,0,0,0,0,0,0,0,0
J032,Machine Learning Operations Intern,ModelCraft,Cyberjaya,Hybrid,AI / Machine Learning Intern,"Track model metrics, prepare Python evaluation scripts, support Azure machine learning experiments, and document deployment results.",Python; machine learning; Azure; scikit-learn; reporting,documentation; problem solving; teamwork,Azure; scikit-learn,6 months,2026-04-27,Company Careers,track model metrics prepare python evaluation scripts support azure machine learning experiments and document deployment results,Azure; Python; documentation; machine learning; problem solving; reporting; scikit-learn; teamwork,Azure; Python; machine learning; reporting; scikit-learn,Azure; scikit-learn,documentation; problem solving; teamwork,0,0,0,0,0,1,0,0,0,0,0,0,0,0,0,0,0,0,0,0,0,0,0,0,0,0,0,0,0,0,0,0,0,0,0,0,0,1,0,0,0,0,0,0,0,0,0,0,0,0,0,0,0,0,0,0,0,0,0,1,0,0,0,1,0,0,0,0,1,0,1,0,1,0,0,0,0,1,0,0,0,0
J033,Finance Data Intern,AtlasBank,Kuala Lumpur,On-site,Data Analyst Intern,"Clean financial datasets, use SQL for reconciliation checks, build Excel reports, and prepare Power BI dashboard updates.",SQL; Excel; Power BI; data cleaning; reporting,documentation; communication; analytical thinking,Excel; Power BI,6 months,2026-05-02,Indeed,clean financial datasets use sql for reconciliation checks build excel reports and prepare power bi dashboard updates,Excel; Power BI; SQL; analytical thinking; communication; dashboard; data cleaning; documentation; reporting,Excel; Power BI; SQL; dashboard; data cleaning; reporting,Excel; Power BI,analytical thinking; communication; documentation,0,0,0,0,0,0,0,0,0,0,0,0,1,0,0,0,0,0,0,0,0,0,0,0,0,0,0,0,0,0,0,0,0,0,0,1,0,0,0,0,0,0,1,0,0,0,0,0,0,0,1,0,1,0,0,1,1,0,0,1,0,0,0,0,0,0,0,0,0,0,1,0,0,0,0,0,0,0,0,0,0,0
J034,Product Analyst Intern,FitLoop,Remote Malaysia,Remote,Product Analyst Intern,"Analyze subscription metrics, use Python and SQL for retention analysis, create dashboards, and write product insight notes.",Python; SQL; dashboard; reporting; data visualization,analytical thinking; communication; presentation,Tableau; Excel,5 months,2026-04-19,Wellfound,analyze subscription metrics use python and sql for retention analysis create dashboards and write product insight notes,Excel; Python; SQL; Tableau; analytical thinking; communication; dashboard; data visualization; presentation; reporting,Excel; Python; SQL; Tableau; dashboard; data visualization; reporting,Excel; Tableau,analytical thinking; communication; presentation,0,0,0,0,0,0,0,0,0,0,0,0,1,0,0,0,0,0,0,0,0,0,0,0,0,0,0,0,0,0,0,0,0,0,0,0,0,1,0,0,0,0,1,0,1,0,0,0,0,0,1,0,1,0,0,1,0,1,0,0,0,0,0,0,0,0,0,1,0,0,1,0,0,0,0,0,0,0,0,0,0,0
J035,Data Intern,FreshRoute,Johor Bahru,On-site,Data Analyst Intern,"Support supply chain reporting, clean Excel files, update SQLite datasets, and create basic Matplotlib visualizations.",Python; Excel; SQLite; data cleaning; data visualization,teamwork; documentation; problem solving,Excel; SQLite,3 months,2026-05-01,Handshake,support supply chain reporting clean excel files update sqlite datasets and create basic matplotlib visualizations,Excel; Python; SQLite; data cleaning; data visualization; documentation; problem solving; reporting; teamwork,Excel; Python; SQLite; data cleaning; data visualization; reporting,Excel; SQLite,documentation; problem solving; teamwork,0,0,0,0,0,0,0,0,0,0,0,0,1,0,0,0,0,0,0,0,0,0,0,0,0,0,0,0,0,0,0,0,0,0,0,0,0,1,0,0,0,0,0,1,0,0,0,0,0,0,0,0,0,0,0,0,1,1,0,1,0,0,0,0,0,0,0,0,1,0,1,0,0,0,0,0,0,1,0,0,0,0
J036,Cloud Data Intern,SkyLedger,Penang,Hybrid,Software Engineering Intern,"Help test cloud data storage, write SQL checks, prepare Python scripts, and compare AWS and Google Cloud analytics workflows.",Python; SQL; AWS; Google Cloud; data cleaning,documentation; problem solving; communication,AWS; Google Cloud,6 months,2026-05-09,Company Careers,help test cloud data storage write sql checks prepare python scripts and compare aws and google cloud analytics workflows,AWS; Google Cloud; Python; SQL; communication; data cleaning; documentation; problem solving,AWS; Google Cloud; Python; SQL; data cleaning,AWS; Google Cloud,communication; documentation; problem solving,1,0,0,0,0,0,0,0,0,0,0,0,0,0,0,0,0,0,0,1,0,0,0,0,0,0,0,0,0,0,0,0,0,0,0,0,0,1,0,0,0,0,1,0,0,0,0,0,0,0,0,0,1,0,0,0,1,0,0,1,0,0,0,0,0,0,0,0,1,0,0,0,0,0,0,0,0,0,0,0,0,0
J037,Customer Insights Intern,OmniShop,Kuala Lumpur,Hybrid,Business Analyst Intern,"Analyze survey and transaction data, prepare stakeholder reports, create Power BI visuals, and present customer insights.",Excel; Power BI; reporting; data visualization; SQL,stakeholder management; presentation; communication,Excel; Power BI,4 months,2026-04-30,LinkedIn,analyze survey and transaction data prepare stakeholder reports create power bi visuals and present customer insights,Excel; Power BI; SQL; communication; data visualization; presentation; reporting; stakeholder management,Excel; Power BI; SQL; data visualization; reporting,Excel; Power BI,communication; presentation; stakeholder management,0,0,0,0,0,0,0,0,0,0,0,0,1,0,0,0,0,0,0,0,0,0,0,0,0,0,0,0,0,0,0,0,0,0,0,1,0,0,0,0,0,0,1,0,0,0,0,0,0,0,0,0,1,0,0,0,0,1,0,0,0,0,0,0,0,0,0,1,0,0,1,0,0,0,1,0,0,0,0,0,0,0
J038,AI Data Intern,AutoVision Labs,Selangor,On-site,AI / Machine Learning Intern,"Clean sensor datasets, label image samples, run computer vision experiments, and evaluate TensorFlow model outputs.",Python; TensorFlow; computer vision; deep learning; data cleaning,problem solving; teamwork; documentation,TensorFlow,6 months,2026-05-06,Glassdoor,clean sensor datasets label image samples run computer vision experiments and evaluate tensorflow model outputs,Python; TensorFlow; computer vision; data cleaning; deep learning; documentation; problem solving; teamwork,Python; TensorFlow; computer vision; data cleaning; deep learning,TensorFlow,documentation; problem solving; teamwork,0,0,0,0,0,0,0,0,0,0,0,0,0,0,0,0,0,0,0,0,0,0,0,0,0,0,0,0,0,0,0,0,0,0,0,0,0,1,0,0,0,0,0,0,0,1,0,0,0,0,0,0,0,1,0,0,1,0,1,1,0,0,0,0,0,0,0,0,1,0,0,0,0,0,0,0,0,1,0,0,0,0
J039,Reporting Analyst Intern,UniServe,Cyberjaya,Hybrid,Data Analyst Intern,"Build monthly service reports, validate SQL data, maintain dashboards, and write concise documentation for operations leaders.",SQL; reporting; dashboard; Excel; data visualization,documentation; communication; analytical thinking,Excel; Tableau,3 months,2026-05-03,Indeed,build monthly service reports validate sql data maintain dashboards and write concise documentation for operations leaders,Excel; SQL; Tableau; analytical thinking; communication; dashboard; data visualization; documentation; reporting,Excel; SQL; Tableau; dashboard; data visualization; reporting,Excel; Tableau,analytical thinking; communication; documentation,0,0,0,0,0,0,0,0,0,0,0,0,1,0,0,0,0,0,0,0,0,0,0,0,0,0,0,0,0,0,0,0,0,0,0,0,0,0,0,0,0,0,1,0,1,0,0,0,0,0,1,0,1,0,0,1,0,1,0,1,0,0,0,0,0,0,0,0,0,0,1,0,0,0,0,0,0,0,0,0,0,0
J040,Product Operations Analyst Intern,Travelio,Singapore,Hybrid,Product Analyst Intern,"Review booking funnel data, create Looker dashboards, summarize product operations issues, and communicate recommendations.",SQL; Looker; dashboard; reporting; data visualization,communication; presentation; stakeholder management,Looker,6 months,2026-05-12,LinkedIn,review booking funnel data create looker dashboards summarize product operations issues and communicate recommendations,Looker; SQL; communication; dashboard; data visualization; presentation; reporting; stakeholder management,Looker; SQL; dashboard; data visualization; reporting,Looker,communication; presentation; stakeholder management,0,0,0,0,0,0,0,0,0,0,0,0,0,0,0,0,0,0,0,0,0,0,0,0,0,0,1,0,0,0,0,0,0,0,0,0,0,0,0,0,0,0,1,0,0,0,0,0,0,0,0,0,1,0,0,1,0,1,0,0,0,0,0,0,0,0,0,1,0,0,1,0,0,0,1,0,0,0,0,0,0,0
J041,Database Intern,SecureData Systems,Kuala Lumpur,On-site,Software Engineering Intern,"Maintain MySQL tables, run SQL quality checks, document database changes, and assist with Python data exports.",SQL; MySQL; Python; data cleaning; reporting,documentation; teamwork; problem solving,MySQL,4 months,2026-04-17,Company Careers,maintain mysql tables run sql quality checks document database changes and assist with python data exports,MySQL; Python; SQL; data cleaning; documentation; problem solving; reporting; teamwork,MySQL; Python; SQL; data cleaning; reporting,MySQL,documentation; problem solving; teamwork,0,0,0,0,0,0,0,0,0,0,0,0,0,0,0,0,0,0,0,0,0,0,0,0,0,0,0,0,1,0,0,0,0,0,0,0,0,1,0,0,0,0,1,0,0,0,0,0,0,0,0,0,0,0,0,0,1,0,0,1,0,0,0,0,0,0,0,0,1,0,1,0,0,0,0,0,0,1,0,0,0,0
J042,Junior Data Analyst Intern,SolarWise,Remote Malaysia,Remote,Data Analyst Intern,"Use pandas to clean solar monitoring data, create charts, prepare weekly reports, and maintain a Streamlit dashboard prototype.",Python; pandas; data cleaning; data visualization; dashboard,communication; documentation; analytical thinking,pandas; Streamlit,5 months,2026-05-21,Handshake,use pandas to clean solar monitoring data create charts prepare weekly reports and maintain a streamlit dashboard prototype,Python; analytical thinking; communication; dashboard; data cleaning; data visualization; documentation; pandas; prototyping; reporting,Python; dashboard; data cleaning; data visualization; pandas; prototyping; reporting,pandas,analytical thinking; communication; documentation,0,0,0,0,0,0,0,0,0,0,0,0,0,0,0,0,0,0,0,0,0,0,0,0,0,0,0,0,0,0,0,0,0,0,0,0,0,1,0,0,0,0,0,0,0,0,0,0,0,0,1,0,1,0,0,1,1,1,0,1,0,0,0,0,0,0,1,0,0,1,1,0,0,0,0,0,0,0,0,0,0,0
J043,Marketing Analytics Intern,AdVantage Studio,Petaling Jaya,Hybrid,Data Analyst Intern,"Analyze campaign performance, build Google Data Studio reports, clean spreadsheets, and present insights to account teams.",Google Data Studio; Excel; reporting; data visualization; dashboard,presentation; communication; stakeholder management,Google Data Studio; Excel,3 months,2026-05-07,LinkedIn,analyze campaign performance build google data studio reports clean spreadsheets and present insights to account teams,Excel; Google Data Studio; communication; dashboard; data visualization; presentation; reporting; stakeholder management,Excel; Google Data Studio; dashboard; data visualization; reporting,Excel; Google Data Studio,communication; presentation; stakeholder management,0,0,0,0,0,0,0,0,0,0,0,0,1,0,0,0,0,0,0,0,1,0,0,0,0,0,0,0,0,0,0,0,0,0,0,0,0,0,0,0,0,0,0,0,0,0,0,0,0,0,0,0,1,0,0,1,0,1,0,0,0,0,0,0,0,0,0,1,0,0,1,0,0,0,1,0,0,0,0,0,0,0
J044,Business Data Intern,CarePlus,Penang,On-site,Data Analyst Intern,"Support business data requests, prepare Excel analysis, validate SQL results, and document dashboard requirements.",Excel; SQL; reporting; dashboard; data cleaning,stakeholder management; documentation; communication,Excel; Power BI,4 months,2026-05-13,Indeed,support business data requests prepare excel analysis validate sql results and document dashboard requirements,Excel; Power BI; SQL; communication; dashboard; data cleaning; documentation; reporting; stakeholder management,Excel; Power BI; SQL; dashboard; data cleaning; reporting,Excel; Power BI,communication; documentation; stakeholder management,0,0,0,0,0,0,0,0,0,0,0,0,1,0,0,0,0,0,0,0,0,0,0,0,0,0,0,0,0,0,0,0,0,0,0,1,0,0,0,0,0,0,1,0,0,0,0,0,0,0,0,0,1,0,0,1,1,0,0,1,0,0,0,0,0,0,0,0,0,0,1,0,0,0,1,0,0,0,0,0,0,0
J045,AI Analytics Intern,TalentMatch AI,Remote Malaysia,Remote,Data Analyst Intern,"Analyze resume text data, build NLP features, evaluate machine learning models, and create dashboard summaries of hiring insights.",Python; NLP; machine learning; scikit-learn; dashboard,analytical thinking; documentation; presentation,scikit-learn; Tableau,6 months,2026-05-14,Wellfound,analyze resume text data build nlp features evaluate machine learning models and create dashboard summaries of hiring insights,NLP; Python; Tableau; analytical thinking; dashboard; documentation; machine learning; presentation; scikit-learn,NLP; Python; Tableau; dashboard; machine learning; scikit-learn,Tableau; scikit-learn,analytical thinking; documentation; presentation,0,0,0,0,0,0,0,0,0,0,0,0,0,0,0,0,0,0,0,0,0,0,0,0,0,0,0,0,0,1,0,0,0,0,0,0,0,1,0,0,0,0,0,0,1,0,0,0,0,0,1,0,0,0,0,1,0,0,0,1,0,0,0,1,0,0,0,1,0,0,0,0,1,0,0,0,0,0,0,0,0,0
J046,Software Engineering Intern,ByteGarden,Kuala Lumpur,Hybrid,Software Engineering Intern,"Build web application features using JavaScript, React, REST API integration, Git, and unit testing in an agile sprint team.",JavaScript; React; REST API; Git; software testing,teamwork; problem solving; documentation,Git; GitHub,6 months,2026-05-22,LinkedIn,build web application features using javascript react rest api integration git and unit testing in an agile sprint team,Agile; Git; GitHub; JavaScript; REST API; React; documentation; problem solving; software testing; teamwork,Agile; Git; GitHub; JavaScript; REST API; React; software testing,Git; GitHub; React,documentation; problem solving; teamwork,0,0,0,0,1,0,0,0,0,0,0,0,0,0,0,0,0,1,1,0,0,0,0,0,1,0,0,0,0,0,0,0,0,0,0,0,0,0,0,1,1,0,0,0,0,0,0,0,0,0,0,0,0,0,0,0,0,0,0,1,0,0,0,0,0,0,0,0,1,0,0,0,0,1,0,0,0,1,0,0,0,0
J047,Frontend Developer Intern,PixelMart,Remote Malaysia,Remote,Software Engineering Intern,"Create responsive HTML and CSS pages, implement React components, connect API data, and document frontend behavior.",HTML/CSS; JavaScript; React; REST API; GitHub,communication; documentation; teamwork,GitHub; Figma,4 months,2026-05-21,Company Careers,create responsive html and css pages implement react components connect api data and document frontend behavior,Figma; GitHub; HTML/CSS; JavaScript; REST API; React; communication; documentation; teamwork,Figma; GitHub; HTML/CSS; JavaScript; REST API; React,Figma; GitHub; React,communication; documentation; teamwork,0,0,0,0,0,0,0,0,0,0,0,0,0,0,1,0,0,0,1,0,0,1,0,0,1,0,0,0,0,0,0,0,0,0,0,0,0,0,0,1,1,0,0,0,0,0,0,0,0,0,0,0,1,0,0,0,0,0,0,1,0,0,0,0,0,0,0,0,0,0,0,0,0,0,0,0,0,1,0,0,0,0
J048,Backend Developer Intern,CoreLedger,Petaling Jaya,Hybrid,Software Engineering Intern,"Develop backend services with Node.js, Express.js, REST API endpoints, MySQL queries, Docker containers, and Git version control.",Node.js; Express.js; REST API; MySQL; Docker; Git,problem solving; documentation; teamwork,Docker; Git; MySQL,6 months,2026-05-19,Indeed,develop backend services with node js express js rest api endpoints mysql queries docker containers and git version control,Docker; Express.js; Git; JavaScript; MySQL; Node.js; REST API; documentation; problem solving; teamwork,Docker; Express.js; Git; JavaScript; MySQL; Node.js; REST API,Docker; Express.js; Git; MySQL; Node.js,documentation; problem solving; teamwork,0,0,0,0,0,0,0,0,0,0,1,0,0,1,0,0,0,1,0,0,0,0,0,0,1,0,0,0,1,0,1,0,0,0,0,0,0,0,0,1,0,0,0,0,0,0,0,0,0,0,0,0,0,0,0,0,0,0,0,1,0,0,0,0,0,0,0,0,1,0,0,0,0,0,0,0,0,1,0,0,0,0
J049,Full Stack Developer Intern,UrbanApps,Cyberjaya,Hybrid,Software Engineering Intern,"Support full stack development using React, Node.js, MongoDB, REST APIs, GitHub pull requests, and agile sprint planning.",React; Node.js; MongoDB; REST API; Agile; GitHub,teamwork; communication; problem solving,MongoDB; GitHub,6 months,2026-05-20,LinkedIn,support full stack development using react node js mongodb rest apis github pull requests and agile sprint planning,Agile; GitHub; JavaScript; MongoDB; Node.js; REST API; React; communication; problem solving; teamwork,Agile; GitHub; JavaScript; MongoDB; Node.js; REST API; React,GitHub; MongoDB; Node.js; React,communication; problem solving; teamwork,0,0,0,0,1,0,0,0,0,0,0,0,0,0,0,0,0,0,1,0,0,0,0,0,1,0,0,1,0,0,1,0,0,0,0,0,0,0,0,1,1,0,0,0,0,0,0,0,0,0,0,0,1,0,0,0,0,0,0,0,0,0,0,0,0,0,0,0,1,0,0,0,0,0,0,0,0,1,0,0,0,0
J050,Mobile App Developer Intern,PocketWave,Kuala Lumpur,On-site,Software Engineering Intern,"Build mobile screens with Flutter, connect Firebase authentication, test app flows, and document technical decisions.",Flutter; Firebase; software testing; Git; REST API,documentation; teamwork; problem solving,Flutter; Firebase; Git,4 months,2026-05-18,Company Careers,build mobile screens with flutter connect firebase authentication test app flows and document technical decisions,Firebase; Flutter; Git; REST API; documentation; problem solving; software testing; teamwork,Firebase; Flutter; Git; REST API; software testing,Firebase; Flutter; Git,documentation; problem solving; teamwork,0,0,0,0,0,0,0,0,0,0,0,0,0,0,0,1,1,1,0,0,0,0,0,0,0,0,0,0,0,0,0,0,0,0,0,0,0,0,0,1,0,0,0,0,0,0,0,0,0,0,0,0,0,0,0,0,0,0,0,1,0,0,0,0,0,0,0,0,1,0,0,0,0,1,0,0,0,1,0,0,0,0
J051,QA Software Testing Intern,TestHive,Penang,Hybrid,Software Engineering Intern,"Write test cases, perform software testing, report bugs, validate REST API responses, and support agile release cycles.",software testing; REST API; Git; Agile; documentation,analytical thinking; communication; problem solving,Git; GitHub,3 months,2026-05-16,Indeed,write test cases perform software testing report bugs validate rest api responses and support agile release cycles,Agile; Git; GitHub; REST API; analytical thinking; communication; documentation; problem solving; software testing,Agile; Git; GitHub; REST API; software testing,Git; GitHub,analytical thinking; communication; documentation; problem solving,0,0,0,0,1,0,0,0,0,0,0,0,0,0,0,0,0,1,1,0,0,0,0,0,0,0,0,0,0,0,0,0,0,0,0,0,0,0,0,1,0,0,0,0,0,0,0,0,0,0,1,0,1,0,0,0,0,0,0,1,0,0,0,0,0,0,0,0,1,0,0,0,0,1,0,0,0,0,0,0,0,0
J052,DevOps Intern,CloudForge,Remote Malaysia,Remote,Software Engineering Intern,"Assist with Docker containers, GitHub actions, AWS deployment checks, Linux commands, and documentation for release pipelines.",Docker; GitHub; AWS; Linux; documentation,problem solving; teamwork; documentation,Docker; GitHub; AWS; Linux,6 months,2026-05-15,Company Careers,assist with docker containers github actions aws deployment checks linux commands and documentation for release pipelines,AWS; Docker; GitHub; Linux; documentation; problem solving; teamwork,AWS; Docker; GitHub; Linux,AWS; Docker; GitHub; Linux,documentation; problem solving; teamwork,1,0,0,0,0,0,0,0,0,0,1,0,0,0,0,0,0,0,1,0,0,0,0,0,0,1,0,0,0,0,0,0,0,0,0,0,0,0,0,0,0,0,0,0,0,0,0,0,0,0,0,0,0,0,0,0,0,0,0,1,0,0,0,0,0,0,0,0,1,0,0,0,0,0,0,0,0,1,0,0,0,0
J053,Information Systems Intern,BizFlow Systems,Kuala Lumpur,Hybrid,Information Systems Intern,"Support system analysis, gather requirements, document business process workflows, assist UAT, and update CRM records.",system analysis; requirements analysis; business process; UAT; CRM,stakeholder management; communication; documentation,CRM; Excel,6 months,2026-05-22,LinkedIn,support system analysis gather requirements document business process workflows assist uat and update crm records,CRM; Excel; UAT; business process; communication; documentation; requirements analysis; stakeholder management; system analysis,CRM; Excel; UAT; business process; requirements analysis; system analysis,Excel,communication; documentation; stakeholder management,0,0,0,0,0,0,0,0,0,1,0,0,1,0,0,0,0,0,0,0,0,0,0,0,0,0,0,0,0,0,0,0,0,0,0,0,0,0,0,0,0,0,0,0,0,0,0,1,0,0,0,1,1,0,0,0,0,0,0,1,0,0,0,0,0,0,0,0,0,0,0,1,0,0,1,0,1,0,0,0,0,0
J054,System Analyst Intern,BrightOps,Shah Alam,On-site,Information Systems Intern,"Map business process flows, write system requirements, prepare UAT scenarios, and coordinate with software developers.",system analysis; requirements analysis; UAT; business process,stakeholder management; communication; analytical thinking,Excel; Jira,4 months,2026-05-17,Indeed,map business process flows write system requirements prepare uat scenarios and coordinate with software developers,Excel; UAT; analytical thinking; business process; communication; requirements analysis; stakeholder management; system analysis,Excel; UAT; business process; requirements analysis; system analysis,Excel,analytical thinking; communication; stakeholder management,0,0,0,0,0,0,0,0,0,0,0,0,1,0,0,0,0,0,0,0,0,0,0,0,0,0,0,0,0,0,0,0,0,0,0,0,0,0,0,0,0,0,0,0,0,0,0,1,0,0,1,1,1,0,0,0,0,0,0,0,0,0,0,0,0,0,0,0,0,0,0,1,0,0,1,0,1,0,0,0,0,0
J055,ERP Functional Intern,SupplyNexa,Johor Bahru,On-site,Information Systems Intern,"Assist ERP users, document process issues, validate SAP data, prepare user acceptance testing notes, and support reporting.",ERP; UAT; business process; reporting; Excel,communication; documentation; problem solving,ERP; Excel,6 months,2026-05-12,Company Careers,assist erp users document process issues validate sap data prepare user acceptance testing notes and support reporting,ERP; Excel; UAT; business process; communication; documentation; problem solving; reporting,ERP; Excel; UAT; business process; reporting,Excel,communication; documentation; problem solving,0,0,0,0,0,0,0,0,0,0,0,1,1,0,0,0,0,0,0,0,0,0,0,0,0,0,0,0,0,0,0,0,0,0,0,0,0,0,0,0,0,0,0,0,0,0,0,1,0,0,0,1,1,0,0,0,0,0,0,1,0,0,0,0,0,0,0,0,1,0,1,0,0,0,0,0,0,0,0,0,0,0
J056,Business Systems Intern,CareLink Digital,Remote Malaysia,Remote,Information Systems Intern,"Analyze workflow gaps, document CRM requirements, support system configuration, and prepare training documentation for users.",CRM; requirements analysis; system analysis; IT documentation,communication; stakeholder management; documentation,CRM; Google Data Studio,5 months,2026-05-11,LinkedIn,analyze workflow gaps document crm requirements support system configuration and prepare training documentation for users,CRM; Google Data Studio; IT documentation; business process; communication; documentation; requirements analysis; stakeholder management; system analysis,CRM; Google Data Studio; IT documentation; business process; requirements analysis; system analysis,Google Data Studio,communication; documentation; stakeholder management,0,0,0,0,0,0,0,0,0,1,0,0,0,0,0,0,0,0,0,0,1,0,1,0,0,0,0,0,0,0,0,0,0,0,0,0,0,0,0,0,0,0,0,0,0,0,0,0,0,0,0,1,1,0,0,0,0,0,0,1,0,0,0,0,0,0,0,0,0,0,0,1,0,0,1,0,1,0,0,0,0,0
J057,Digital Transformation Intern,Maju Holdings,Kuala Lumpur,Hybrid,Information Systems Intern,"Support digital transformation projects by mapping workflows, collecting requirements, preparing dashboards, and tracking UAT feedback.",business process; requirements analysis; UAT; dashboard; reporting,stakeholder management; presentation; communication,Excel; Power BI,6 months,2026-05-09,Indeed,support digital transformation projects by mapping workflows collecting requirements preparing dashboards and tracking uat feedback,Excel; Power BI; UAT; business process; communication; dashboard; presentation; reporting; requirements analysis; stakeholder management,Excel; Power BI; UAT; business process; dashboard; reporting; requirements analysis,Excel; Power BI,communication; presentation; stakeholder management,0,0,0,0,0,0,0,0,0,0,0,0,1,0,0,0,0,0,0,0,0,0,0,0,0,0,0,0,0,0,0,0,0,0,0,1,0,0,0,0,0,0,0,0,0,0,0,1,0,0,0,1,1,0,0,1,0,0,0,0,0,0,0,0,0,0,0,1,0,0,1,1,0,0,1,0,0,0,0,0,0,0
J058,AI Engineering Intern,RoboNusa,Cyberjaya,Hybrid,AI / Machine Learning Intern,"Build machine learning prototypes, evaluate deep learning models, use TensorFlow, and prepare Python experiment notebooks.",Python; machine learning; deep learning; TensorFlow; data visualization,problem solving; documentation; teamwork,TensorFlow,6 months,2026-05-22,Company Careers,build machine learning prototypes evaluate deep learning models use tensorflow and prepare python experiment notebooks,Python; TensorFlow; data visualization; deep learning; documentation; machine learning; problem solving; teamwork,Python; TensorFlow; data visualization; deep learning; machine learning,TensorFlow,documentation; problem solving; teamwork,0,0,0,0,0,0,0,0,0,0,0,0,0,0,0,0,0,0,0,0,0,0,0,0,0,0,0,0,0,0,0,0,0,0,0,0,0,1,0,0,0,0,0,0,0,1,0,0,0,0,0,0,0,0,0,0,0,1,1,1,0,0,0,1,0,0,0,0,1,0,0,0,0,0,0,0,0,1,0,0,0,0
J059,Machine Learning Intern,PredictWorks,Kuala Lumpur,Hybrid,AI / Machine Learning Intern,"Prepare feature engineering scripts, train scikit-learn models, compare evaluation metrics, and communicate model limitations.",Python; machine learning; scikit-learn; pandas; statistics,analytical thinking; communication; documentation,scikit-learn; pandas,6 months,2026-05-21,LinkedIn,prepare feature engineering scripts train scikit learn models compare evaluation metrics and communicate model limitations,Python; analytical thinking; communication; documentation; machine learning; pandas; scikit-learn; statistics,Python; machine learning; pandas; scikit-learn; statistics,pandas; scikit-learn,analytical thinking; communication; documentation,0,0,0,0,0,0,0,0,0,0,0,0,0,0,0,0,0,0,0,0,0,0,0,0,0,0,0,0,0,0,0,0,0,0,0,0,0,1,0,0,0,0,0,0,0,0,0,0,0,0,1,0,1,0,0,0,0,0,0,1,0,0,0,1,0,0,1,0,0,0,0,0,1,0,0,1,0,0,0,0,0,0
J060,NLP Engineering Intern,TextMind Studio,Remote Malaysia,Remote,AI / Machine Learning Intern,"Create NLP preprocessing pipelines, evaluate text classifiers, build keyword extraction logic, and document model performance.",Python; NLP; scikit-learn; machine learning; data cleaning,documentation; problem solving; analytical thinking,scikit-learn; pandas,6 months,2026-05-18,Wellfound,create nlp preprocessing pipelines evaluate text classifiers build keyword extraction logic and document model performance,NLP; Python; analytical thinking; data cleaning; documentation; machine learning; pandas; problem solving; scikit-learn,NLP; Python; data cleaning; machine learning; pandas; scikit-learn,pandas; scikit-learn,analytical thinking; documentation; problem solving,0,0,0,0,0,0,0,0,0,0,0,0,0,0,0,0,0,0,0,0,0,0,0,0,0,0,0,0,0,1,0,0,0,0,0,0,0,1,0,0,0,0,0,0,0,0,0,0,0,0,1,0,0,0,0,0,1,0,0,1,0,0,0,1,0,0,1,0,1,0,0,0,1,0,0,0,0,0,0,0,0,0
J061,Computer Vision Intern,CamSense,Penang,On-site,AI / Machine Learning Intern,"Label images, train computer vision models, test object detection outputs, and use PyTorch for model experiments.",Python; computer vision; PyTorch; deep learning; machine learning,teamwork; problem solving; documentation,PyTorch,6 months,2026-05-14,Company Careers,label images train computer vision models test object detection outputs and use pytorch for model experiments,PyTorch; Python; computer vision; deep learning; documentation; machine learning; problem solving; teamwork,PyTorch; Python; computer vision; deep learning; machine learning,PyTorch,documentation; problem solving; teamwork,0,0,0,0,0,0,0,0,0,0,0,0,0,0,0,0,0,0,0,0,0,0,0,0,0,0,0,0,0,0,0,0,0,0,0,0,1,1,0,0,0,0,0,0,0,0,0,0,0,0,0,0,0,1,0,0,0,0,1,1,0,0,0,1,0,0,0,0,1,0,0,0,0,0,0,0,0,1,0,0,0,0
J062,AI Model Evaluation Intern,TrustAI Labs,Kuala Lumpur,Hybrid,AI / Machine Learning Intern,"Evaluate AI model outputs, review bias metrics, write Python reports, and summarize findings for product and research teams.",Python; machine learning; statistics; reporting; data visualization,communication; analytical thinking; documentation,Python; Excel,4 months,2026-05-10,LinkedIn,evaluate ai model outputs review bias metrics write python reports and summarize findings for product and research teams,Excel; Python; analytical thinking; communication; data visualization; documentation; machine learning; reporting; statistics,Excel; Python; data visualization; machine learning; reporting; statistics,Excel,analytical thinking; communication; documentation,0,0,0,0,0,0,0,0,0,0,0,0,1,0,0,0,0,0,0,0,0,0,0,0,0,0,0,0,0,0,0,0,0,0,0,0,0,1,0,0,0,0,0,0,0,0,0,0,0,0,1,0,1,0,0,0,0,1,0,1,0,0,0,1,0,0,0,0,0,0,1,0,0,0,0,1,0,0,0,0,0,0
J063,Data Science Intern,InsightFarm,Kuala Lumpur,Hybrid,Data Science Intern,"Analyze customer datasets, perform statistical analysis, build predictive models, use pandas and NumPy, and present data science insights.",Python; pandas; NumPy; statistics; machine learning,presentation; analytical thinking; communication,pandas; NumPy; scikit-learn,6 months,2026-05-22,LinkedIn,analyze customer datasets perform statistical analysis build predictive models use pandas and numpy and present data science insights,NumPy; Python; analytical thinking; communication; machine learning; pandas; presentation; scikit-learn; statistics,NumPy; Python; machine learning; pandas; scikit-learn; statistics,NumPy; pandas; scikit-learn,analytical thinking; communication; presentation,0,0,0,0,0,0,0,0,0,0,0,0,0,0,0,0,0,0,0,0,0,0,0,0,0,0,0,0,0,0,0,1,0,0,0,0,0,1,0,0,0,0,0,0,0,0,0,0,0,0,1,0,1,0,0,0,0,0,0,0,0,0,0,1,0,0,1,1,0,0,0,0,1,0,0,1,0,0,0,0,0,0
J064,Junior Data Scientist Intern,ClaimWise,Petaling Jaya,Hybrid,Data Science Intern,"Clean claims data, engineer features, train scikit-learn models, evaluate performance, and create charts for business review.",Python; pandas; scikit-learn; data cleaning; data visualization,documentation; analytical thinking; problem solving,pandas; scikit-learn,6 months,2026-05-19,Indeed,clean claims data engineer features train scikit learn models evaluate performance and create charts for business review,Python; analytical thinking; data cleaning; data visualization; documentation; pandas; problem solving; scikit-learn,Python; data cleaning; data visualization; pandas; scikit-learn,pandas; scikit-learn,analytical thinking; documentation; problem solving,0,0,0,0,0,0,0,0,0,0,0,0,0,0,0,0,0,0,0,0,0,0,0,0,0,0,0,0,0,0,0,0,0,0,0,0,0,1,0,0,0,0,0,0,0,0,0,0,0,0,1,0,0,0,0,0,1,1,0,1,0,0,0,0,0,0,1,0,1,0,0,0,1,0,0,0,0,0,0,0,0,0
J065,Data Science Research Intern,BioLens Analytics,Remote Malaysia,Remote,Data Science Intern,"Explore research datasets, run statistical analysis, build Python notebooks, and explain model results to non-technical stakeholders.",Python; statistics; pandas; machine learning; reporting,communication; presentation; documentation,pandas; Excel,5 months,2026-05-17,Company Careers,explore research datasets run statistical analysis build python notebooks and explain model results to non technical stakeholders,Excel; Python; communication; documentation; machine learning; pandas; presentation; reporting; stakeholder management; statistics,Excel; Python; machine learning; pandas; reporting; statistics,Excel; pandas,communication; documentation; presentation; stakeholder management,0,0,0,0,0,0,0,0,0,0,0,0,1,0,0,0,0,0,0,0,0,0,0,0,0,0,0,0,0,0,0,0,0,0,0,0,0,1,0,0,0,0,0,0,0,0,0,0,0,0,0,0,1,0,0,0,0,0,0,1,0,0,0,1,0,0,1,1,0,0,1,0,0,0,1,1,0,0,0,0,0,0
J066,Data Mining Intern,RetailScope,Kuala Lumpur,Hybrid,Data Science Intern,"Mine transaction patterns, create customer segments, clean data with pandas, and summarize predictive insights for marketing teams.",Python; pandas; data cleaning; statistics; machine learning,analytical thinking; communication; teamwork,pandas; Tableau,4 months,2026-05-13,LinkedIn,mine transaction patterns create customer segments clean data with pandas and summarize predictive insights for marketing teams,Python; Tableau; analytical thinking; communication; data cleaning; machine learning; pandas; statistics; teamwork,Python; Tableau; data cleaning; machine learning; pandas; statistics,Tableau; pandas,analytical thinking; communication; teamwork,0,0,0,0,0,0,0,0,0,0,0,0,0,0,0,0,0,0,0,0,0,0,0,0,0,0,0,0,0,0,0,0,0,0,0,0,0,1,0,0,0,0,0,0,1,0,0,0,0,0,1,0,1,0,0,0,1,0,0,0,0,0,0,1,0,0,1,0,0,0,0,0,0,0,0,1,0,1,0,0,0,0
J067,Multimedia Design Intern,CreativeNest,Kuala Lumpur,On-site,Multimedia / UIUX Intern,"Create digital media assets, edit short videos, design graphics in Adobe Photoshop and Illustrator, and support campaign visuals.",Adobe Photoshop; Adobe Illustrator; video editing; motion graphics,creativity; communication; teamwork,Adobe Photoshop; Adobe Illustrator; Adobe Premiere Pro,3 months,2026-05-22,Company Careers,create digital media assets edit short videos design graphics in adobe photoshop and illustrator and support campaign visuals,Adobe Illustrator; Adobe Photoshop; Adobe Premiere Pro; communication; motion graphics; teamwork; video editing,Adobe Illustrator; Adobe Photoshop; Adobe Premiere Pro; motion graphics; video editing,Adobe Illustrator; Adobe Photoshop; Adobe Premiere Pro,communication; teamwork,0,1,1,1,0,0,0,0,0,0,0,0,0,0,0,0,0,0,0,0,0,0,0,0,0,0,0,0,0,0,0,0,0,0,0,0,0,0,0,0,0,0,0,0,0,0,0,0,0,0,0,0,1,0,0,0,0,0,0,0,0,0,0,0,1,0,0,0,0,0,0,0,0,0,0,0,0,1,0,1,0,0
J068,UI UX Design Intern,FlowPixel,Remote Malaysia,Remote,Multimedia / UIUX Intern,"Design wireframes, build Figma prototypes, improve user flows, and collaborate with developers on responsive interface details.",UI/UX design; Figma; wireframing; prototyping; HTML/CSS,communication; stakeholder management; presentation,Figma,4 months,2026-05-21,LinkedIn,design wireframes build figma prototypes improve user flows and collaborate with developers on responsive interface details,Figma; HTML/CSS; UI/UX design; communication; presentation; prototyping; stakeholder management; teamwork; wireframing,Figma; HTML/CSS; UI/UX design; prototyping; wireframing,Figma,communication; presentation; stakeholder management; teamwork,0,0,0,0,0,0,0,0,0,0,0,0,0,0,1,0,0,0,0,0,0,1,0,0,0,0,0,0,0,0,0,0,0,0,0,0,0,0,0,0,0,0,0,0,0,0,0,0,1,0,0,0,1,0,0,0,0,0,0,0,0,0,0,0,0,0,0,1,0,1,0,0,0,0,1,0,0,1,0,0,0,1
J069,Graphic Design Intern,BrandLoom,Petaling Jaya,Hybrid,Multimedia / UIUX Intern,"Prepare social media artwork, edit brand assets, use Adobe Illustrator and Photoshop, and organize design documentation.",Adobe Illustrator; Adobe Photoshop; motion graphics,creativity; communication; documentation,Adobe Illustrator; Adobe Photoshop,3 months,2026-05-18,Indeed,prepare social media artwork edit brand assets use adobe illustrator and photoshop and organize design documentation,Adobe Illustrator; Adobe Photoshop; communication; documentation; motion graphics,Adobe Illustrator; Adobe Photoshop; motion graphics,Adobe Illustrator; Adobe Photoshop,communication; documentation,0,1,1,0,0,0,0,0,0,0,0,0,0,0,0,0,0,0,0,0,0,0,0,0,0,0,0,0,0,0,0,0,0,0,0,0,0,0,0,0,0,0,0,0,0,0,0,0,0,0,0,0,1,0,0,0,0,0,0,1,0,0,0,0,1,0,0,0,0,0,0,0,0,0,0,0,0,0,0,0,0,0
J070,Video Production Intern,StoryArc Media,Kuala Lumpur,On-site,Multimedia / UIUX Intern,"Edit product demo videos, prepare motion graphics, organize footage, and support Adobe Premiere Pro post-production workflow.",video editing; motion graphics; Adobe Premiere Pro; communication,teamwork; communication; documentation,Adobe Premiere Pro,3 months,2026-05-15,Company Careers,edit product demo videos prepare motion graphics organize footage and support adobe premiere pro post production workflow,Adobe Premiere Pro; business process; communication; documentation; motion graphics; teamwork; video editing,Adobe Premiere Pro; business process; motion graphics; video editing,Adobe Premiere Pro,communication; documentation; teamwork,0,0,0,1,0,0,0,0,0,0,0,0,0,0,0,0,0,0,0,0,0,0,0,0,0,0,0,0,0,0,0,0,0,0,0,0,0,0,0,0,0,0,0,0,0,0,0,0,0,0,0,1,1,0,0,0,0,0,0,1,0,0,0,0,1,0,0,0,0,0,0,0,0,0,0,0,0,1,0,1,0,0
J071,Game Development Intern,PlayForge Studio,Remote Malaysia,Remote,Multimedia / UIUX Intern,"Prototype gameplay features in Unity, create simple game interactions, debug scripts, and document game development tasks.",Unity; game development; C#; Git; problem solving,teamwork; problem solving; documentation,Unity; Git,6 months,2026-05-13,Wellfound,prototype gameplay features in unity create simple game interactions debug scripts and document game development tasks,C#; C++; Git; Unity; documentation; game development; problem solving; prototyping; teamwork,C#; C++; Git; Unity; game development; prototyping,Git; Unity,documentation; problem solving; teamwork,0,0,0,0,0,0,0,1,1,0,0,0,0,0,0,0,0,1,0,0,0,0,0,0,0,0,0,0,0,0,0,0,0,0,0,0,0,0,0,0,0,0,0,0,0,0,0,0,0,1,0,0,0,0,0,0,0,0,0,1,0,1,0,0,0,0,0,0,1,1,0,0,0,0,0,0,0,1,0,0,0,0
J072,3D Artist Intern,RenderLab,Cyberjaya,Hybrid,Multimedia / UIUX Intern,"Create basic 3D models, prepare Blender assets, optimize textures, and collaborate with multimedia developers for interactive scenes.",Blender; 3D modeling; Unity; motion graphics,creativity; teamwork; documentation,Blender; Unity,4 months,2026-05-08,Company Careers,create basic 3d models prepare blender assets optimize textures and collaborate with multimedia developers for interactive scenes,Blender; Unity; documentation; motion graphics; teamwork,Blender; Unity; motion graphics,Blender; Unity,documentation; teamwork,0,0,0,0,0,0,1,0,0,0,0,0,0,0,0,0,0,0,0,0,0,0,0,0,0,0,0,0,0,0,0,0,0,0,0,0,0,0,0,0,0,0,0,0,0,0,0,0,0,1,0,0,0,0,0,0,0,0,0,1,0,0,0,0,1,0,0,0,0,0,0,0,0,0,0,0,0,1,0,0,0,0
J073,Cybersecurity Intern,SafeNet Malaysia,Kuala Lumpur,Hybrid,Cybersecurity / IT Intern,"Monitor security alerts, document incident response steps, perform vulnerability assessment checks, and review firewall logs.",cybersecurity; vulnerability assessment; incident response; firewall; Linux,documentation; analytical thinking; problem solving,Linux,6 months,2026-05-22,LinkedIn,monitor security alerts document incident response steps perform vulnerability assessment checks and review firewall logs,Linux; analytical thinking; cybersecurity; documentation; firewall; incident response; problem solving; vulnerability assessment,Linux; cybersecurity; firewall; incident response; vulnerability assessment,Linux,analytical thinking; documentation; problem solving,0,0,0,0,0,0,0,0,0,0,0,0,0,0,0,0,0,0,0,0,0,0,0,0,0,1,0,0,0,0,0,0,0,0,0,0,0,0,0,0,0,0,0,0,0,0,0,0,0,0,1,0,0,0,1,0,0,0,0,1,1,0,1,0,0,0,0,0,1,0,0,0,0,0,0,0,0,0,0,0,1,0
J074,IT Support Intern,OfficeLink,Selangor,On-site,Cybersecurity / IT Intern,"Troubleshoot user issues, manage support tickets, configure laptops, document IT support steps, and assist network checks.",troubleshooting; IT documentation; networking; Linux,communication; problem solving; documentation,Linux,3 months,2026-05-20,Indeed,troubleshoot user issues manage support tickets configure laptops document it support steps and assist network checks,IT documentation; Linux; communication; documentation; networking; problem solving; troubleshooting,IT documentation; Linux; networking; troubleshooting,Linux,communication; documentation; problem solving,0,0,0,0,0,0,0,0,0,0,0,0,0,0,0,0,0,0,0,0,0,0,1,0,0,1,0,0,0,0,0,0,0,0,0,0,0,0,0,0,0,0,0,0,0,0,0,0,0,0,0,0,1,0,0,0,0,0,0,1,0,0,0,0,0,1,0,0,1,0,0,0,0,0,0,0,0,0,1,0,0,0
J075,Network Support Intern,NetBridge,Penang,On-site,Cybersecurity / IT Intern,"Assist with network monitoring, DNS checks, router documentation, firewall rules, and troubleshooting connectivity incidents.",networking; firewall; troubleshooting; incident response,problem solving; documentation; communication,Linux,4 months,2026-05-18,Company Careers,assist with network monitoring dns checks router documentation firewall rules and troubleshooting connectivity incidents,Linux; communication; documentation; firewall; incident response; networking; problem solving; troubleshooting,Linux; firewall; incident response; networking; troubleshooting,Linux,communication; documentation; problem solving,0,0,0,0,0,0,0,0,0,0,0,0,0,0,0,0,0,0,0,0,0,0,0,0,0,1,0,0,0,0,0,0,0,0,0,0,0,0,0,0,0,0,0,0,0,0,0,0,0,0,0,0,1,0,0,0,0,0,0,1,1,0,1,0,0,1,0,0,1,0,0,0,0,0,0,0,0,0,1,0,0,0
J076,SOC Analyst Intern,CyberWatch,Remote Malaysia,Remote,Cybersecurity / IT Intern,"Review security monitoring alerts, classify incidents, write incident response notes, and support vulnerability scanning tasks.",cybersecurity; incident response; vulnerability assessment; Linux,analytical thinking; documentation; teamwork,Linux,6 months,2026-05-12,LinkedIn,review security monitoring alerts classify incidents write incident response notes and support vulnerability scanning tasks,Linux; analytical thinking; cybersecurity; documentation; incident response; teamwork; vulnerability assessment,Linux; cybersecurity; incident response; vulnerability assessment,Linux,analytical thinking; documentation; teamwork,0,0,0,0,0,0,0,0,0,0,0,0,0,0,0,0,0,0,0,0,0,0,0,0,0,1,0,0,0,0,0,0,0,0,0,0,0,0,0,0,0,0,0,0,0,0,0,0,0,0,1,0,0,0,1,0,0,0,0,1,0,0,1,0,0,0,0,0,0,0,0,0,0,0,0,0,0,1,0,0,1,0
J077,Cloud Security Intern,CloudSentinel,Cyberjaya,Hybrid,Cybersecurity / IT Intern,"Review AWS security settings, document access controls, support vulnerability assessment, and monitor cloud security findings.",AWS; cybersecurity; vulnerability assessment; documentation; Linux,problem solving; documentation; communication,AWS; Linux,6 months,2026-05-09,Company Careers,review aws security settings document access controls support vulnerability assessment and monitor cloud security findings,AWS; Linux; communication; cybersecurity; documentation; problem solving; vulnerability assessment,AWS; Linux; cybersecurity; vulnerability assessment,AWS; Linux,communication; documentation; problem solving,1,0,0,0,0,0,0,0,0,0,0,0,0,0,0,0,0,0,0,0,0,0,0,0,0,1,0,0,0,0,0,0,0,0,0,0,0,0,0,0,0,0,0,0,0,0,0,0,0,0,0,0,1,0,1,0,0,0,0,1,0,0,0,0,0,0,0,0,1,0,0,0,0,0,0,0,0,0,0,0,1,0
J078,Data Engineer Intern,PipeLake Data,Kuala Lumpur,Hybrid,Software Engineering Intern,"Build data pipelines, write SQL transformations, maintain PostgreSQL tables, use Python scripts, and document ETL workflows.",Python; SQL; PostgreSQL; data cleaning; Git,documentation; problem solving; teamwork,PostgreSQL; Git,6 months,2026-05-07,LinkedIn,build data pipelines write sql transformations maintain postgresql tables use python scripts and document etl workflows,Git; PostgreSQL; Python; SQL; data cleaning; documentation; problem solving; teamwork,Git; PostgreSQL; Python; SQL; data cleaning,Git; PostgreSQL,documentation; problem solving; teamwork,0,0,0,0,0,0,0,0,0,0,0,0,0,0,0,0,0,1,0,0,0,0,0,0,0,0,0,0,0,0,0,0,0,0,1,0,0,1,0,0,0,0,1,0,0,0,0,0,0,0,0,0,0,0,0,0,1,0,0,1,0,0,0,0,0,0,0,0,1,0,0,0,0,0,0,0,0,1,0,0,0,0
J079,Analytics Engineer Intern,MetricStack,Remote Malaysia,Remote,Software Engineering Intern,"Model analytics datasets, validate SQL logic, prepare dashboard-ready tables, and version control transformations using GitHub.",SQL; GitHub; data cleaning; reporting; dashboard,documentation; analytical thinking; teamwork,GitHub; Tableau,6 months,2026-05-06,Wellfound,model analytics datasets validate sql logic prepare dashboard ready tables and version control transformations using github,Git; GitHub; SQL; Tableau; analytical thinking; dashboard; data cleaning; documentation; reporting; teamwork,Git; GitHub; SQL; Tableau; dashboard; data cleaning; reporting,Git; GitHub; Tableau,analytical thinking; documentation; teamwork,0,0,0,0,0,0,0,0,0,0,0,0,0,0,0,0,0,1,1,0,0,0,0,0,0,0,0,0,0,0,0,0,0,0,0,0,0,0,0,0,0,0,1,0,1,0,0,0,0,0,1,0,0,0,0,1,1,0,0,1,0,0,0,0,0,0,0,0,0,0,1,0,0,0,0,0,0,1,0,0,0,0
J080,Cloud Data Intern,SkyTable,Singapore,Hybrid,Software Engineering Intern,"Support cloud data workflows, test AWS storage, write Python validation scripts, and document data pipeline behavior.",Python; AWS; SQL; Docker; documentation,problem solving; communication; documentation,AWS; Docker,6 months,2026-05-05,Company Careers,support cloud data workflows test aws storage write python validation scripts and document data pipeline behavior,AWS; Docker; Python; SQL; communication; documentation; problem solving,AWS; Docker; Python; SQL,AWS; Docker,communication; documentation; problem solving,1,0,0,0,0,0,0,0,0,0,1,0,0,0,0,0,0,0,0,0,0,0,0,0,0,0,0,0,0,0,0,0,0,0,0,0,0,1,0,0,0,0,1,0,0,0,0,0,0,0,0,0,1,0,0,0,0,0,0,1,0,0,0,0,0,0,0,0,1,0,0,0,0,0,0,0,0,0,0,0,0,0
J081,Application Support Intern,AppCare Digital,Johor Bahru,On-site,Information Systems Intern,"Support application users, document system issues, perform UAT checks, and coordinate fixes with software engineering teams.",UAT; system analysis; IT documentation; troubleshooting,communication; stakeholder management; problem solving,Excel; CRM,4 months,2026-05-04,Indeed,support application users document system issues perform uat checks and coordinate fixes with software engineering teams,CRM; Excel; IT documentation; UAT; communication; documentation; problem solving; stakeholder management; system analysis; troubleshooting,CRM; Excel; IT documentation; UAT; system analysis; troubleshooting,Excel,communication; documentation; problem solving; stakeholder management,0,0,0,0,0,0,0,0,0,1,0,0,1,0,0,0,0,0,0,0,0,0,1,0,0,0,0,0,0,0,0,0,0,0,0,0,0,0,0,0,0,0,0,0,0,0,0,1,0,0,0,0,1,0,0,0,0,0,0,1,0,0,0,0,0,0,0,0,1,0,0,0,0,0,1,0,1,0,1,0,0,0
J082,Implementation Consultant Intern,DeployMate,Kuala Lumpur,Hybrid,Information Systems Intern,"Assist software implementation projects, collect user requirements, configure CRM workflows, prepare UAT scripts, and train users.",requirements analysis; CRM; UAT; business process; documentation,stakeholder management; presentation; communication,CRM; Excel,6 months,2026-05-03,LinkedIn,assist software implementation projects collect user requirements configure crm workflows prepare uat scripts and train users,CRM; Excel; UAT; business process; communication; documentation; presentation; requirements analysis; stakeholder management,CRM; Excel; UAT; business process; requirements analysis,Excel,communication; documentation; presentation; stakeholder management,0,0,0,0,0,0,0,0,0,1,0,0,1,0,0,0,0,0,0,0,0,0,0,0,0,0,0,0,0,0,0,0,0,0,0,0,0,0,0,0,0,0,0,0,0,0,0,1,0,0,0,1,1,0,0,0,0,0,0,1,0,0,0,0,0,0,0,1,0,0,0,1,0,0,1,0,0,0,0,0,0,0
J083,Product Design Intern,NaviPay,Remote Malaysia,Remote,Multimedia / UIUX Intern,"Research user pain points, create Figma wireframes, prototype mobile flows, and present UX improvements to product managers.",UI/UX design; Figma; wireframing; prototyping; presentation,communication; stakeholder management; analytical thinking,Figma,5 months,2026-05-02,Company Careers,research user pain points create figma wireframes prototype mobile flows and present ux improvements to product managers,Figma; UI/UX design; analytical thinking; communication; presentation; prototyping; stakeholder management; wireframing,Figma; UI/UX design; prototyping; wireframing,Figma,analytical thinking; communication; presentation; stakeholder management,0,0,0,0,0,0,0,0,0,0,0,0,0,0,1,0,0,0,0,0,0,0,0,0,0,0,0,0,0,0,0,0,0,0,0,0,0,0,0,0,0,0,0,0,0,0,0,0,1,0,1,0,1,0,0,0,0,0,0,0,0,0,0,0,0,0,0,1,0,1,0,0,0,0,1,0,0,0,0,0,0,1
J084,Creative Technology Intern,MuseInteractive,Kuala Lumpur,Hybrid,Multimedia / UIUX Intern,"Combine multimedia assets with interactive web pages using HTML, CSS, JavaScript, Figma designs, and motion graphics.",HTML/CSS; JavaScript; Figma; motion graphics; UI/UX design,creativity; teamwork; communication,Figma; Adobe Premiere Pro,4 months,2026-05-01,Wellfound,combine multimedia assets with interactive web pages using html css javascript figma designs and motion graphics,Adobe Premiere Pro; Figma; HTML/CSS; JavaScript; UI/UX design; communication; motion graphics; teamwork,Adobe Premiere Pro; Figma; HTML/CSS; JavaScript; UI/UX design; motion graphics,Adobe Premiere Pro; Figma,communication; teamwork,0,0,0,1,0,0,0,0,0,0,0,0,0,0,1,0,0,0,0,0,0,1,0,0,1,0,0,0,0,0,0,0,0,0,0,0,0,0,0,0,0,0,0,0,0,0,0,0,1,0,0,0,1,0,0,0,0,0,0,0,0,0,0,0,1,0,0,0,0,0,0,0,0,0,0,0,0,1,0,0,0,0
J085,Software Engineer Intern,FinApp Labs,Singapore,Hybrid,Software Engineering Intern,"Implement backend features, review pull requests, write unit tests, use Java and Spring style APIs, and maintain Git workflows.",Java; REST API; software testing; Git; OOP,problem solving; teamwork; documentation,Git; GitHub,6 months,2026-04-30,LinkedIn,implement backend features review pull requests write unit tests use java and spring style apis and maintain git workflows,Git; GitHub; Java; OOP; REST API; documentation; problem solving; software testing; teamwork,Git; GitHub; Java; OOP; REST API; software testing,Git; GitHub,documentation; problem solving; teamwork,0,0,0,0,0,0,0,0,0,0,0,0,0,0,0,0,0,1,1,0,0,0,0,1,0,0,0,0,0,0,0,0,1,0,0,0,0,0,0,1,0,0,0,0,0,0,0,0,0,0,0,0,0,0,0,0,0,0,0,1,0,0,0,0,0,0,0,0,1,0,0,0,0,1,0,0,0,1,0,0,0,0
J086,Web Developer Intern,EduPortal,Remote Malaysia,Remote,Software Engineering Intern,"Build student portal pages with HTML, CSS, JavaScript, React, and connect frontend forms to REST API services.",HTML/CSS; JavaScript; React; REST API; GitHub,communication; teamwork; problem solving,GitHub,4 months,2026-04-29,Company Careers,build student portal pages with html css javascript react and connect frontend forms to rest api services,GitHub; HTML/CSS; JavaScript; REST API; React; communication; problem solving; teamwork,GitHub; HTML/CSS; JavaScript; REST API; React,GitHub; React,communication; problem solving; teamwork,0,0,0,0,0,0,0,0,0,0,0,0,0,0,0,0,0,0,1,0,0,1,0,0,1,0,0,0,0,0,0,0,0,0,0,0,0,0,0,1,1,0,0,0,0,0,0,0,0,0,0,0,1,0,0,0,0,0,0,0,0,0,0,0,0,0,0,0,1,0,0,0,0,0,0,0,0,1,0,0,0,0
J087,Data Analyst Intern,TalentGrid,Kuala Lumpur,Hybrid,Data Analyst Intern,"Clean HR datasets, write SQL queries, build Tableau dashboards, and prepare weekly reporting for recruitment operations.",SQL; Tableau; data cleaning; reporting; dashboard,communication; analytical thinking; documentation,Tableau; Excel,3 months,2026-04-28,Indeed,clean hr datasets write sql queries build tableau dashboards and prepare weekly reporting for recruitment operations,Excel; SQL; Tableau; analytical thinking; communication; dashboard; data cleaning; documentation; reporting,Excel; SQL; Tableau; dashboard; data cleaning; reporting,Excel; Tableau,analytical thinking; communication; documentation,0,0,0,0,0,0,0,0,0,0,0,0,1,0,0,0,0,0,0,0,0,0,0,0,0,0,0,0,0,0,0,0,0,0,0,0,0,0,0,0,0,0,1,0,1,0,0,0,0,0,1,0,1,0,0,1,1,0,0,1,0,0,0,0,0,0,0,0,0,0,1,0,0,0,0,0,0,0,0,0,0,0
J088,Business Analyst Intern,ClinicSoft,Penang,On-site,Business Analyst Intern,"Gather healthcare software requirements, map business process flows, coordinate UAT, and present Power BI dashboard findings.",requirements analysis; business process; UAT; Power BI; dashboard,stakeholder management; presentation; communication,Power BI; Excel,4 months,2026-04-27,LinkedIn,gather healthcare software requirements map business process flows coordinate uat and present power bi dashboard findings,Excel; Power BI; UAT; business process; communication; dashboard; presentation; requirements analysis; stakeholder management,Excel; Power BI; UAT; business process; dashboard; requirements analysis,Excel; Power BI,communication; presentation; stakeholder management,0,0,0,0,0,0,0,0,0,0,0,0,1,0,0,0,0,0,0,0,0,0,0,0,0,0,0,0,0,0,0,0,0,0,0,1,0,0,0,0,0,0,0,0,0,0,0,1,0,0,0,1,1,0,0,1,0,0,0,0,0,0,0,0,0,0,0,1,0,0,0,1,0,0,1,0,0,0,0,0,0,0
J089,Product Analyst Intern,MealGo,Kuala Lumpur,Hybrid,Product Analyst Intern,"Analyze app funnels, user behavior, A B test results, SQL metrics, and dashboard insights for product roadmap decisions.",SQL; dashboard; reporting; data visualization; statistics,communication; analytical thinking; presentation,Looker; Excel,6 months,2026-04-26,Wellfound,analyze app funnels user behavior a b test results sql metrics and dashboard insights for product roadmap decisions,Excel; Looker; SQL; analytical thinking; communication; dashboard; data visualization; presentation; reporting; statistics,Excel; Looker; SQL; dashboard; data visualization; reporting; statistics,Excel; Looker,analytical thinking; communication; presentation,0,0,0,0,0,0,0,0,0,0,0,0,1,0,0,0,0,0,0,0,0,0,0,0,0,0,1,0,0,0,0,0,0,0,0,0,0,0,0,0,0,0,1,0,0,0,0,0,0,0,1,0,1,0,0,1,0,1,0,0,0,0,0,0,0,0,0,1,0,0,1,0,0,0,0,1,0,0,0,0,0,0
J090,Data Science Intern,SmartPrice,Remote Malaysia,Remote,Data Science Intern,"Build price prediction notebooks, clean product data, use Python and scikit-learn, and explain model evaluation results.",Python; scikit-learn; data cleaning; machine learning; statistics,documentation; analytical thinking; communication,scikit-learn; pandas,6 months,2026-04-25,Company Careers,build price prediction notebooks clean product data use python and scikit learn and explain model evaluation results,Python; analytical thinking; communication; data cleaning; documentation; machine learning; pandas; scikit-learn; statistics,Python; data cleaning; machine learning; pandas; scikit-learn; statistics,pandas; scikit-learn,analytical thinking; communication; documentation,0,0,0,0,0,0,0,0,0,0,0,0,0,0,0,0,0,0,0,0,0,0,0,0,0,0,0,0,0,0,0,0,0,0,0,0,0,1,0,0,0,0,0,0,0,0,0,0,0,0,1,0,1,0,0,0,1,0,0,1,0,0,0,1,0,0,1,0,0,0,0,0,1,0,0,1,0,0,0,0,0,0
J091,AI Research Intern,VoiceSense,Kuala Lumpur,Hybrid,AI / Machine Learning Intern,"Research speech and NLP models, prepare Python experiments, compare deep learning outputs, and document model evaluation.",Python; NLP; deep learning; TensorFlow; machine learning,documentation; problem solving; presentation,TensorFlow,6 months,2026-04-24,LinkedIn,research speech and nlp models prepare python experiments compare deep learning outputs and document model evaluation,NLP; Python; TensorFlow; deep learning; documentation; machine learning; presentation; problem solving,NLP; Python; TensorFlow; deep learning; machine learning,TensorFlow,documentation; presentation; problem solving,0,0,0,0,0,0,0,0,0,0,0,0,0,0,0,0,0,0,0,0,0,0,0,0,0,0,0,0,0,1,0,0,0,0,0,0,0,1,0,0,0,0,0,0,0,1,0,0,0,0,0,0,0,0,0,0,0,0,1,1,0,0,0,1,0,0,0,1,1,0,0,0,0,0,0,0,0,0,0,0,0,0
J092,Information Systems Intern,CampusERP,Remote Malaysia,Remote,Information Systems Intern,"Support ERP module testing, collect student services requirements, document workflows, and assist UAT with internal users.",ERP; requirements analysis; UAT; business process; IT documentation,communication; documentation; stakeholder management,ERP; Excel,5 months,2026-04-23,Handshake,support erp module testing collect student services requirements document workflows and assist uat with internal users,ERP; Excel; IT documentation; UAT; business process; communication; documentation; requirements analysis; stakeholder management,ERP; Excel; IT documentation; UAT; business process; requirements analysis,Excel,communication; documentation; stakeholder management,0,0,0,0,0,0,0,0,0,0,0,1,1,0,0,0,0,0,0,0,0,0,1,0,0,0,0,0,0,0,0,0,0,0,0,0,0,0,0,0,0,0,0,0,0,0,0,1,0,0,0,1,1,0,0,0,0,0,0,1,0,0,0,0,0,0,0,0,0,0,0,1,0,0,1,0,0,0,0,0,0,0
J093,UI UX Research Intern,ShopVista,Petaling Jaya,Hybrid,Multimedia / UIUX Intern,"Conduct usability review, create Figma prototypes, prepare wireframes, and present user experience recommendations.",UI/UX design; Figma; wireframing; prototyping; presentation,communication; analytical thinking; stakeholder management,Figma,4 months,2026-04-22,LinkedIn,conduct usability review create figma prototypes prepare wireframes and present user experience recommendations,Figma; UI/UX design; analytical thinking; communication; presentation; prototyping; stakeholder management; wireframing,Figma; UI/UX design; prototyping; wireframing,Figma,analytical thinking; communication; presentation; stakeholder management,0,0,0,0,0,0,0,0,0,0,0,0,0,0,1,0,0,0,0,0,0,0,0,0,0,0,0,0,0,0,0,0,0,0,0,0,0,0,0,0,0,0,0,0,0,0,0,0,1,0,1,0,1,0,0,0,0,0,0,0,0,0,0,0,0,0,0,1,0,1,0,0,0,0,1,0,0,0,0,0,0,1
J094,Cybersecurity Awareness Intern,PhishGuard,Kuala Lumpur,Hybrid,Cybersecurity / IT Intern,"Prepare security awareness content, document phishing examples, support incident response simulations, and review cybersecurity reports.",cybersecurity; incident response; documentation; presentation,communication; documentation; problem solving,Excel; Linux,3 months,2026-04-21,Company Careers,prepare security awareness content document phishing examples support incident response simulations and review cybersecurity reports,Excel; Linux; communication; cybersecurity; documentation; incident response; presentation; problem solving; reporting,Excel; Linux; cybersecurity; incident response; reporting,Excel; Linux,communication; documentation; presentation; problem solving,0,0,0,0,0,0,0,0,0,0,0,0,1,0,0,0,0,0,0,0,0,0,0,0,0,1,0,0,0,0,0,0,0,0,0,0,0,0,0,0,0,0,0,0,0,0,0,0,0,0,0,0,1,0,1,0,0,0,0,1,0,0,1,0,0,0,0,1,1,0,1,0,0,0,0,0,0,0,0,0,0,0
J095,Junior Software Developer Intern,GreenCode,Selangor,On-site,Software Engineering Intern,"Maintain internal web apps, fix bugs in JavaScript and PHP, write SQL queries, use Git, and document software changes.",JavaScript; PHP; SQL; Git; REST API,problem solving; documentation; teamwork,Git; MySQL,4 months,2026-04-20,Indeed,maintain internal web apps fix bugs in javascript and php write sql queries use git and document software changes,Git; JavaScript; MySQL; PHP; REST API; SQL; documentation; problem solving; teamwork,Git; JavaScript; MySQL; PHP; REST API; SQL,Git; MySQL,documentation; problem solving; teamwork,0,0,0,0,0,0,0,0,0,0,0,0,0,0,0,0,0,1,0,0,0,0,0,0,1,0,0,0,1,0,0,0,0,1,0,0,0,0,0,1,0,0,1,0,0,0,0,0,0,0,0,0,0,0,0,0,0,0,0,1,0,0,0,0,0,0,0,0,1,0,0,0,0,0,0,0,0,1,0,0,0,0
