rank,skill,skill_area,demand_count,demand_percent,priority,why_it_matters,learning_focus,suggested_action
1,JavaScript,Technical,62,32.3,High,Appears in 32.3% of postings in this dataset.,"Learn web interactivity, API calls, and frontend logic.",Build small interactive web features and practice DOM/API basics.
2,C#,Technical,69,35.9,High,Appears in 35.9% of postings in this dataset.,Learn the basics of C# and show it in a small portfolio task.,Build a small project task that uses C# and explain the result clearly.
3,C++,Technical,69,35.9,High,Appears in 35.9% of postings in this dataset.,Learn the basics of C++ and show it in a small portfolio task.,Build a small project task that uses C++ and explain the result clearly.
4,Git,Technical,54,28.1,High,Appears in 28.1% of postings in this dataset.,"Learn version control, branching, and clean commits.","Practice branching, commits, pull requests, and clean project history."
5,React,Technical,45,23.4,High,Appears in 23.4% of postings in this dataset.,"Learn components, props, state, events, and form handling.","Build a small component-based interface with state, props, and form input."
6,AWS,Technical,52,27.1,Medium,Appears in 27.1% of postings in this dataset.,Learn the basics of AWS and show it in a small portfolio task.,Build a small project task that uses AWS and explain the result clearly.
7,Agile,Technical,49,25.5,Medium,Appears in 25.5% of postings in this dataset.,Learn the basics of Agile and show it in a small portfolio task.,Build a small project task that uses Agile and explain the result clearly.
8,reporting,Technical,41,21.4,Medium,Appears in 21.4% of postings in this dataset.,Learn how to turn analysis results into short business summaries.,"Write short weekly-style summaries with findings, impact, and next steps."
9,TypeScript,Technical,31,16.1,Medium,Appears in 16.1% of postings in this dataset.,Learn the basics of TypeScript and show it in a small portfolio task.,Learn typed JavaScript basics and apply it to safer frontend code.
10,Linux,Technical,32,16.7,Medium,Appears in 16.7% of postings in this dataset.,"Learn terminal basics, file permissions, and troubleshooting commands.","Practice terminal commands, permissions, logs, and troubleshooting."
